-- phpMyAdmin SQL Dump
-- version 4.6.6deb5
-- https://www.phpmyadmin.net/
--
-- Client :  localhost
-- Généré le :  Mar 14 Mai 2019 à 10:53
-- Version du serveur :  5.7.25-0ubuntu0.18.04.2
-- Version de PHP :  7.2.17-0ubuntu0.18.04.1

SET SQL_MODE = "NO_AUTO_VALUE_ON_ZERO";
SET time_zone = "+00:00";


/*!40101 SET @OLD_CHARACTER_SET_CLIENT=@@CHARACTER_SET_CLIENT */;
/*!40101 SET @OLD_CHARACTER_SET_RESULTS=@@CHARACTER_SET_RESULTS */;
/*!40101 SET @OLD_COLLATION_CONNECTION=@@COLLATION_CONNECTION */;
/*!40101 SET NAMES utf8mb4 */;

--
-- Base de données :  `allocinemet_vod`
--

-- --------------------------------------------------------

--
-- Structure de la table `acteur`
--

CREATE TABLE `acteur` (
  `Id_Acteur` int(11) NOT NULL,
  `Nom_Acteur` varchar(255) NOT NULL,
  `Image_Acteur` varchar(255) NOT NULL,
  `Bio_Acteur` text NOT NULL
) ENGINE=InnoDB DEFAULT CHARSET=latin1;

--
-- Contenu de la table `acteur`
--

INSERT INTO `acteur` (`Id_Acteur`, `Nom_Acteur`, `Image_Acteur`, `Bio_Acteur`) VALUES
(1, 'Eva Green', 'img/acteurs/eva_green.jpg', 'Fille de la comédienne Marlène Jobert et d\'un chirurgien-dentiste d\'origine suédoise, Eva Green s\'initie à la comédie à la \"Webber Douglas Acting School\" de Londres, avant de suivre en France les cours d\'Eva Saint-Paul. Remarquée sur les planches dans \"Jalousie en 3 fax\", pour lequel elle est nommée au Molière de la révélation théâtrale en 2002, elle joue ensuite dans \"Turcaret\" sous la direction de Gerard Desarthe.\r\n\r\nEn 2003, Eva Green est la troublante révélation de Innocents - the dreamers de Bertolucci. Dans ce huis clos ayant pour toile de fond Mai 68, elle incarne Isabelle, jeune fille idéaliste et cinéphile qui s\'initie à l\'amour en compagnie de son frère jumeau (Louis Garrel, le fils de Philippe) et d\'un étudiant américain (Michael Pitt). Jeune première délaissée par Romain Duris dans la superproduction en costumes Arsène Lupin, Eva Green part ensuite tenter sa chance à Hollywood : en 2005, dans Kingdom of Heaven, fresque sur les Croisades signée Ridley Scott, elle interprète Sibylla, reine libre et mystérieuse dont s\'éprend Orlando Bloom. Un an plus tard, sa carrière prend un tournant décisif lorsqu\'elle est choisie pour incarner Vesper Lynd, la James Bond girl de Casino Royale, nouveau volet de la saga 007 dans lequel elle donne la réplique à l\'agent secret Daniel Craig.\r\n\r\nEn 2007, la belle Eva enchaîne avec une autre superproduction puisqu\'elle incarne Serafina Pekkala dans A la croisée des mondes : la boussole d\'or, conte fantastique pour enfants dans la lignée de Narnia. Au Royaume-Uni, où elle revient par intermittence, elle donne la réplique à l\'acteur britannique Sam Riley dans le thriller fantastique Dark World (2008), et partage l\'affiche avec la jeune Juno Temple dans Cracks, où elle campe une enseignante trouble qui rêve d\'évasion. La comédienne tombe ensuite amoureuse d\'Ewan McGregor dans un monde apocalyptique où les humains perdent toutes perceptions sensorielles (Perfect Sense), et fait son entrée dans le bestiaire des créatures burtoniennes pour Dark Shadows (2012), où elle côtoie Johnny Depp, grimé pour l\'occasion en vampire. En 2014, elle campe la redoutable Artemisia dans le guerrier et sanglant 300 : La naissance d\'un Empire.\r\n\r\nEnchainant les projets, Eva Green est, cette même année, à l\'affiche du western The Salvation puis d\'une autre adaptation d\'une oeuvre de Frank Miller : Sin City : j\'ai tué pour elle. Parallèlement, la comédienne goûte également aux joies du petit écran via la série horrifique Penny Dreadful. En 2016, la belle Eva collabore à nouveau avec Tim Burton pour Miss Peregrine et les enfants particuliers. Elle y prête ses traits à Peregrine Faucon, la gérante d\'un orphelinat accueillant des enfants ayant des dons spéciaux. La jeune femme va prendre sous son aile Jacob, un adolescent campé par Asa Butterfield. '),
(2, 'Colin Farrell', 'img/acteurs/colin_farrell.jpg', 'Fils et neveu de footballeurs, Colin Farrell envisage un temps une carrière sportive. Il s\'expatrie ensuite à Sydney à l\'âge de 17 ans, où il reste un an et travaille en tant que mannequin, avant de se tourner vers la comédie. Il suit alors les cours de la Gaiety Drama School de Dublin mais abandonne ses études avant la fin de son cursus, ce qui ne l\'empêche pas de jouer dans The War zone (1999), le premier long métrage de Tim Roth. Après avoir échoué à une audition ayant pour but de trouver les membres du groupe Boyzone, il apparaît dans Ordinary decent criminal (2000) aux côtés de Kevin Spacey, qui l\'avait repéré sur scène, dans une pièce de théâtre jouée à Londres. Mais c\'est en 2001 qu\'il se fait connaitre du grand public, grâce à son rôle du soldat Bozz dans Tigerland de Joel Schumacher. Colin Farrell retrouve ce dernier pour les besoins du thriller téléphonique Phone game (2003) et fait une apparition clin d’œil en voyou dans le drame Veronica Guerin, la même année.\r\n\r\n\r\nParallèlement à une vie privée tumultueuse qui fait le bonheur des tabloïds - on lui prête notamment une aventure avec la chanteuse Britney Spears et de nombreux problèmes liés à la drogue -, cette \"belle gueule\" irlandaise fait fureur à Hollywood : volant la vedette à Bruce Willis dans le film de guerre Mission évasion (2002), il a l\'honneur d\'affronter à l\'écran Tom Cruise dans Minority report, Ben Affleck dans Daredevil (2003) et son idole Al Pacino dans le thriller d\'espionnage La Recrue. Après avoir intégré la S.W.A.T. unité d\'élite en 2003, il accède à la consécration en se voyant proposer par Oliver Stone le rôle d\'Alexandre le Grand. Une rencontre pas vraiment au sommet, puisqu\'elle lui vaudra un Razzy Awards de pire acteur de l\'année 2003 !\r\n\r\n\r\nSon ascension se poursuit néanmoins avec une autre fresque historique, et pas n\'importe laquelle puisqu\'il s\'agit du Nouveau monde (2005) de l\'adulé Terrence Malick. Travaillant dorénavant avec les plus grands cinéastes américains, il ne tarde pas à reprendre, sous la direction de Michael Mann, le rôle tenu à l\'origine par Don Johnson dans l\'adaptation de la série Miami vice - Deux flics à Miami. Il tourne ensuite avec Woody Allen dans Le Rêve de Cassandre, aux côtés d\'Ewan McGregor. Assagi, l\'acteur décide alors de s\'éloigner des plateaux et des tabloïds, pour se consacrer à son fils James, né en 2003 et atteint d\'une maladie rare. Il prend ainsi le parti d\'accepter davantage de seconds rôles en fonction des films qu\'on lui propose, et de se tourner vers le cinéma indépendant.\r\n\r\n\r\nEn 2007, il est l\'une des transformations du personnage de Tony, conçu à l\'origine pour n\'être incarné que par Heath Ledger décédé prématurément, dans du déjanté Terry Gilliam. Il revient ensuite au polar plus conventionnel dans Le Prix de la loyauté (2008) où il incarne un flic corrompu aux côté d\'Edward Norton. Gangster désœuvré et dépressif dans Bons Baisers de Bruges (2008) où il retrouve son compatriote Brendan Gleeson, il tombe amoureux de la sirène Ondine en revenant vers des réalisateurs irlandais, en l\'occurrence ici, Neil Jordan. En 2010, il fait une apparition remarquée en chanteur de country dans Crazy Heart pour lequel son partenaire Jeff Bridges est oscarisé, et est à l\'affiche de Eyes of War où il incarne un photographe de guerre chevronné pris dans la tourmente de la guerre au Kurdistan.\r\n\r\n\r\nRien qu\'en 2011, on le voit tour à tour en petit malfrat dans le polar London Boulevard, en chef d\'entreprise peu dégourdi dans la comédie Comment tuer son Boss ?, et en vampire indestructible dans le film d\'horreur Fright Night. Il retrouve le gros blockbuster l\'année suivante avec Total Recall, remake du film de Paul Verhoeven, pour lequel il reprend le rôle tenu précédemment par Arnold Schwarzenegger. Scénariste hollywoodien en panne d’inspiration dans le déjanté 7 Psychopathes, cherchant à se venger d\'un gang dans le violent Dead Man Down, amoureux de Jessica Chastain dans le film d\'époque Mademoiselle Julie, Colin Farrell varie les genres. \r\n\r\n\r\nL\'acteur ne tarde pas à goûter aux joies du petit écran et ses séries de qualité : il campe ainsi un policier torturé dans la deuxième saison de True Detective, en compagnie de Rachel McAdams et Vince Vaughn, qui est diffusée en 2015. Cette même année, Colin Farrell témoigne à nouveau de son engouement pour les projets originaux avec The Lobster, Prix du Jury à Cannes et pour lequel il prend 20 kilos. '),
(3, 'Danny DeVito', 'img/acteurs/danny_devito.jpg', 'Acteur, réalisateur et producteur des plus discrets mais aussi des plus influents d\'Hollywood, Danny DeVito effectue ses premiers pas devant la caméra en 1969 dans le drame Dream of glass, avant de partir étudier le cinéma à la New York\'s Academy of Dramatic Arts. C\'est là qu\'il rencontre le metteur en scène Martin Brest, alors élève lui aussi, qui le dirige en 1972 aux côtés de Rhea Perlman (sa future femme) dans le film d\'étudiant Hot dog for Gaugin. C\'est en 1975 que l\'acteur se révèle aux yeux du monde dans Vol au-dessus d\'un nid de coucou, où il incarne l\'un des pensionnaires de l\'établissement psychiatrique, compagnon de Jack Nicholson. Un an plus tard, il s\'essaie à la réalisation, pour le téléfilm Selling of Vince d\'Angelo, puis pour la série télévisée Taxi, dans laquelle il interprète un chauffeur de taxi acerbe.\r\n\r\nDans les années 80, Danny DeVito connaît la consécration en collaborant à trois reprises avec le tandem Michael Douglas / Kathleen Turner sur les films d\'aventure A la poursuite du diamant vert (1984), Le Diamant du Nil (1985) et la comédie sur le mariage La Guerre des Rose (1989). Désormais vedette à part entière, l\'acteur comique de petite taille se met en scène en 1987 aux côtés de Billy Crystal dans son premier long métrage intitulé Balance Maman hors du train. Le grand public se rappelle de lui pour avoir incarné le frère jumeau d\'Arnold Schwarzenegger dans la comédie d\'action Jumeaux (1988) ou encore le terrifiant Pingouin dans Batman, le défi (1992). Danny DeVito aime également à collaborer avec les mêmes partenaires : Jack Nicholson qu\'il dirige dans Hoffa (1992) et à qui il donne la réplique dans Mars attacks ! (1996) ; Arnold Schwarzenegger, enceinte dans la comédie Junior (1994) ; ou encore Gene Hackman avec qui il tourne les polars Get shorty (1995) et Braquages (2002).\r\n\r\nA partir des années 90, Danny DeVito fait le choix de varier les genres, apparaissant en journaliste d\'une presse à scandales dans le film policier L.A. confidential (1997), en avocat collaborateur de Matt Damon dans le film de procès L\'Idéaliste (1998), en médecin dans le drame The Virgin suicides (1999), en imprésario de Jim Carrey dans le film biographique Man on the moon (2000) ou encore en directeur de cirque dans l\'onirique Big fish (2004). Il n\'en oublie pas pour autant son genre de prédilection, la comédie, en dirigeant le tandem Ben Stiller / Drew Barrymore dans 1 duplex pour 3 (2003), l\'histoire d\'un couple souhaitant acquérir une maison au point de vouloir se débarrasser de sa locataire actuelle. '),
(4, 'Michael Keaton', 'img/acteurs/michael_keaton.jpg', 'Les dons de comédien de Michael Keaton, révélés dès sa prime jeunesse par de délirantes imitations d\'Elvis Presley, se développent durant ses études à l\'Université de Kent, où il écrit ses premiers sketches et interprète de nombreux spectacles. Après une brève carrière d\'enseignant, il décide en 1975 de tenter sa chance à Los Angeles. Il se produit alors au Comedy Store et au sein du groupe d\'improvisateurs Jerry Vale avant de faire ses premières apparitions à la télévision dans les séries Maude et All\'s fair, puis de devenir un interprète attitré du show de Mary Tyler Moore et des séries Report to Murphy et Working stiffs.\r\n\r\nCadre aux dents longues dans Gung Ho et père au foyer ingénieux dans Mr. Mom, il trouve ses plus grands rôles cinématographiques sous la direction de Tim Burton qui l\'imagine tour à tour en Beetlejuice en 1988 et en Batman en 1989 et à nouveau en 1992 pour Batman, le défi. Composant de terrifiants psychopathes dans Fenêtre sur Pacifique  et L\'Enjeu, Michael Keaton aime également jouer des rôles plus légers, comme le père de famille stressé et multi-cloné de la comédie familiale Mes doubles, ma femme et moi en 1996. L\'acteur endosse ensuite des rôles plus dramatiques dans My life aux côtés de Nicole Kidman ou plus classiques dans Beaucoup de bruit pour rien de Kenneth Branagh.\r\n\r\nPour Quentin Tarantino et Steven Soderbergh, il est l\'agent fédéral Ray Nicolette dans Jackie Brown et Hors d\'atteinte, deux films adaptés de l\'oeuvre d\'Elmore Leonard. En 2000, il s\'essaye brièvement à la production avec le film Sexe attitudes. Après l\'échec de Sables mouvants, resté inédit en France, il tente de renouer avec le succès avec le thriller surnaturel La Voix des morts en 2004 et en incarnant, pour les besoins de deux comédies familiales, le père de deux charmantes demoiselles : Katie Holmes dans Des étoiles plein les yeux  et Lindsay Lohan dans La Coccinelle revient.\r\n\r\nIl réédite son expérience du doublage, acquise avec Porco Rosso en 1995 avec les dessins animés Cars en 2006 et Toy Story 3 en 2010. Entre temps, il rejoint le casting de la série The Company avec Chris O\'Donnell et réalise son premier film: Killing Gentleman. La même année, l\'acteur est à l\'affiche de la comédie délirante Very Bad Cops aux côtés de Will Ferrell et Mark Wahlberg. Mais il faut attendre l\'année 2014 pour voir le grand retour de Michael Keaton dans des productions à gros budget puisqu\'il figure au casting de RoboCop, remake américain du film de Paul Verhoeven, et Need For Speed, adaptation cinématographique de la célèbre franchise de jeux vidéo. L\'année suivante, il est Birdman pour Alejandro Iñárritu, alter-égo super-héroïque d\'un acteur tentant de renouer avec le succès, le long-métrage remportant notamment l\'Oscar du meilleur film en 2015.\r\n\r\nCe rôle lui permet de relancer sa carrière, l\'acteur échappant même de peu à l\'Oscar du meilleur acteur, revenu finalement à Eddie Redmayne pour son interprétation de Stephen Hawking dans Une merveilleuse histoire du temps. L\'année suivante, Keaton participe pour la seconde année consécutive au long-métrage qui reçoit l\'Oscar du meilleur film. Il incarne en effet Walter Robinson dans Spotlight, retraçant la fascinante enquête du Boston Globe – couronnée par le prix Pulitzer – qui a mis à jour un scandale de pédophilie sans précédent au sein de l’Eglise Catholique. La même année, l\'ex Batman se glisse dans la peau de Ray Kroc, l\'homme d\'affaires derrière l\'empire McDonalds, dans Le Fondateur. En 2017, l\'américain sera de retour dans un film de super-héros avec le rôle du méchant Vautour dans Spider-Man Homecoming.'),
(5, 'Hero Fiennes-Tiffin', 'img/acteurs/hero_fiennes_tiffin.jpg', 'Un gamin'),
(6, 'Josephine Langford', 'img/acteurs/josephine_langford.jpg', 'Belle gosse.'),
(7, 'Viggo Mortensen', 'img/acteurs/viggo_mortensen.jpg', 'D\'origine danoise par son père et américaine par sa mère, le jeune Viggo Mortensen passe son enfance entre le Venezuela, l\'Argentine et le Danemark. Agé de 11 ans lorsque ses parents divorcent, il part à New York avec sa mère et ses deux frères. Marqué par la performance des comédiens de Voyage au bout de l\'enfer, il suit une formation d\'acteur sous la direction de Warren Robertson et fait ses débuts sur les planches en 1982.\r\n\r\n\r\nAprès une première expérience au cinéma avec Woody Allen pour La Rose pourpre du Caire (ses scènes seront coupées au montage), il apparaît à l\'écran en amish dans Witness de Peter Weir, en 1985. Enchaînant ensuite les films de genre (Massacre à la tronçonneuse 3, Young guns 2), il est choisi par Sean Penn pour incarner un homme violent, hanté par la guerre du Vietnam, dans The Indian Runner en 1991. Tous deux seront d\'ailleurs à l\'affiche de L\'Impasse de De Palma (1994), dans lequel Mortensen campe un gangster en fauteuil roulant.\r\n\r\n\r\nS\'il continue, au milieu des années 90, de multiplier films d\'action (A armes égales de Ridley Scott en 1997) et thrillers (Meurtre parfait de Andrew Davis), l\'acteur à la belle gueule, poète, photographe et peintre à ses heures, travaille également avec Jane Campion (Portrait de femme) et Gus Van Sant (le très arty Psycho en 1998). En 2001, il connaît une consécration internationale en devenant Aragorn, l\'un des piliers du Seigneur des anneaux, la trilogie à succès de Peter Jackson.\r\n\r\n\r\nReparti à l\'aventure en 2004 à l\'occasion de l\'épique Hidalgo, le charismatique Mortensen plonge ensuite dans l\'univers bien plus trouble de David Cronenberg pour y livrer deux de ses plus saisissantes compositions : tranquille père de famille confronté à ses démons dans le dérangeant A history of violence (2005), il campe un homme de main de la mafia russe de Londres dans Les Promesses de l\'ombre (2007). Bras droit énigmatique d\'Ed Harris dans le western Appaloosa (2008), valeureux Capitaine Alatriste, cet adepte des expériences hors-normes traverse en 2009 les paysages post-apocalyptiques de La Route, adaptation par John Hillcoat du best-seller de Cormac McCarthy.\r\n\r\n\r\nIl entame la nouvelle décennie en se glissant dans la peau de Sigmund Freud pour le compte de David Cronenberg via Dangerous Method, aux côtés du très à la mode Michael Fassbender. Par la suite, Viggo Mortensen incarne le mystérieux et inquiétant Chester MacFarland dans The Two Faces Of January (2014), ce qui lui permet de découvrir la richesse culturelle inhérente à la Grèce où l\'intrigue du film se situe. Particulièrement doué pour les langues, le comédien prouve une fois de plus son talent en incarnant, en français, Daru, dans Loin des hommes (2015). Sept ans après Appaloosa, il revient au western avec Jauja. '),
(8, 'Mahershala Ali', 'img/acteurs/mahershala_ali.jpg', 'Mahershala Ali découvre la comédie à l\'université et joue sur scène pour le \"California Shakespeare Festival\" pendant une saison. Après l\'obtention d\'un diplôme en arts dramatiques, il s\'oriente vers la télévision et participe à la 1ère saison de Preuve à l\'appui (2001) où il interprète le Dr. Trey Sanders. Après des apparitions dans Haunted (2002), Les Experts (2003) et FBI : opérations secrètes, il s\'établit dans l\'unique saison de l\'Agence Matrix. En 2004, il devient Richard Tyler, l\'un des 4400, rôle qu\'il tient jusqu\'en 2007, pour 31 épisodes de la célèbre série de science-fiction.\r\n\r\nL\'acteur change de registre en se tournant vers le grand écran, pour interpréter un second rôle dans L\'Etrange histoire de Benjamin Button de David Fincher en 2009, aux côtés de Brad Pitt et Cate Blanchett. Après avoir participé à un épisode des séries Lie To Me et New York Unité Spéciale, il rejoint le casting musclé de Predators, la suite de Predator et Predator 2 réalisée par Nimrod Antal (Blindés). En 2014 et 2015, il est à l\'affiche des opus 3 et 4 de la saga Hunger Games. David Fincher lui offre ensuite le rôle du lobbyiste Rémy Danton dans sa série à succès House of Cards.\r\n\r\nEn 2016, Ali accède à la consécration en remportant l\'Oscar du meilleur second rôle masculin pour sa performance dans Moonlight, également auréolé de la statuette du meilleur film. Le comédien excelle en criminel sensible, prenant sous son aile le jeune héros.\r\n\r\nEn 2019, plus rien n\'arrête le comédien. Son rôle de musicien élégant dans Green Book lui vaut le Golden Globes du meilleur second rôle et une une seconde nomination à l\'Oscar dans cette même catégorie. Après avoir campé Cottonmouth, un méchant charismatique dans la série Marvel Luke Cage, il décroche le rôle principal de la 3ème saison de True Detective, l\'inspecteur Wayne Hays. On le retrouvera dès le 13 février sur grand écran dans Alita Battle Angel, adaptation du célèbre manga Gunnm. '),
(9, 'François Civil', 'img/acteurs/francois_civil.jpg', 'François Civil se passionne très tôt pour la comédie et intègre le studio Le Magasin où il étudie le théâtre. Le jeune homme décroche un premier petit rôle au cinéma à 16 ans dans la comédie Le Cactus avec Clovis Cornillac (2005). Après quelques petits passages à la télévision (P.J., Louis la brocante), François révèle l’étendue de son talent dans Soit je meurs, soit je vais mieux en 2008. Il y incarne Martial, un adolescent ayant du mal à s’intégrer après un déménagement et qui se rapproche de jumelles marginales qui vont l’entraîner dans des expériences aussi inquiétantes qu’excitantes. Le comédien est pré-nommé au César du Meilleur espoir masculin 2009 pour sa performance.\r\n\r\nLa carrière de François Civil est désormais lancée et le voilà dans le grand bain. Il enchaîne les projets sur le grand et le petit écran ; on le voit notamment dans Trop La Classe !, Enquêtes réservées, Nos résistances, Une pure affaire ou La stratégie de la poussette. En 2010, il fait la connaissance d’Igor Gotesman pour lequel il tourne le court-métrage Five. Les deux artistes deviendront amis.\r\n\r\nLe jeune comédien continue son ascension et se fait remarquer ensuite dans Elles aux côtés de Juliette Binoche et Anaïs Demoustier. Autant à l’aise dans le registre comique que dramatique, il s’illustre ensuite dans Macadam Baby dans lequel il campe un écrivain en herbe qui va s’enticher d’une jeune femme qui va lui attirer des soucis. Il brille également en donnant la réplique à Pierre Niney dans le programme court Casting(s) où il retrouve son complice Igor Gotesman.\r\n\r\nL’acteur s’exporte ensuite à l’étranger pour tourner Frank, comédie barrée de Lenny Abrahamson avec Michael Fassbender. Il est aussi à l’affiche du film d’épouvante Catacombes et de la série Rosemary’s Baby. Il retourne ensuite vers la comédie dans la série à succès Dix pour cent dans laquelle il prête ses traits au personnage d’Hyppolite Rivière.\r\n\r\nEn 2016, François se fait à nouveau remarquer dans le thriller sur le djihadisme de Nicolas Boukhrief, Made In France. Il y incarne Christophe, un jeune musulman radicalisé préparant un attentat d’envergure à Paris. Après ce film choc, l’artiste retrouve son ami Igor Gotesman pour tourner Five, comédie autour de 5 potes souhaitant vivre ensemble en colocation. Il s\'agit de l\'adaptation du court-métrage du même nom réalisé en 2011. Il y donne à nouveau la réplique à Pierre Niney après Casting(s). Le comédien est ensuite à l\'affiche du nouveau long-métrage de Cédric Klapisch, Ce qui nous lie.\r\n\r\nL\'acteur brille ensuite dans la série à succès Dix pour Cent. Il y incarne Hippolite Rivière, un jeune comédien qui débute. En 2018, il fait sensation dans Burn Out. Il joue Tony, une tête brûlée accro aux sensations fortes qui ne vit que pour une seule chose : devenir pilote professionnel de moto superbike. Jusqu\'au jour où il découvre que la mère de son fils est liée à la pègre manouche. Seule issue pour la sortir de cet engrenage : mettre ses talents au service des truands.\r\n\r\n2019 est une grande année pour François. Il donne la réplique à Reda Kateb, Omar Sy et Mathieu Kassovitz dans Le Chant du loup, un film de sous-marin sous haute tension. Civil campe Chanteraide, \"Oreille d\'or\" dans un submersible. Il est chargé de décrypter les bruits de la mer et prévenir les éventuels dangers. Il est aussi à l\'affiche de Celle que vous croyez, comédie romantique dans laquelle il séduit à distance Juliette Binoche, qui se fait passer pour une jeune femme de 24 ans sur Internet. L\'acteur tombe ensuite sous le charme de Joséphine Japy dans Mon Inconnue. Il interprète Raphaël, un homme qui se retrouve plongé dans un monde où il n\'a jamais rencontré Olivia, la femme de sa vie. Comment va-t-il s’y prendre pour reconquérir sa femme, devenue une parfaite inconnue ?'),
(10, 'Reda Kateb', 'img/acteurs/reda_kateb.jpg', '\r\n\r\nReda Kateb débute sa carrière d\'acteur dans le monde du théâtre (il monte sur scène pour la première fois à l\'âge de 8 ans) et joue à la fois de grands classiques, mais aussi des pièces contemporaines. Après un passage dans la série Engrenages en 2008, Jacques Audiard le remarque et lui propose un rôle dans Un prophète (2009), aux côtés d\'un autre acteur qui débute, Tahar Rahim. L\'acteur enchaîne ensuite avec le film choral Qu\'un seul tienne et les autres suivront, premier long métrage remarqué de Léa Fehner.\r\n\r\n\r\nEn 2010, Reda Kateb change de registre avec la comédie douce-amère Pieds nus sur les limaces, où figurent aussi Ludivine Sagnier et Diane Kruger. L\'acteur revient quelques temps à la télévision dans Mafiosa, où il rencontre l\'actrice-réalisatrice Hélène Fillières. Il la retrouve pour le film A moi seule (2011) de Frédéric Videau, où il interprète un homme qui séquestre une jeune fille. Dans le drame policier Trois Mondes (2012), il se voit confronté à Raphaël Personnaz et à Clotilde Hesme.\r\n\r\n2013 est une année affermissant encore davantage sa notoriété puisqu\'il est à l\'affiche de sept long métrages, dont Zero Dark Thirty où il campe avec brio un terroriste torturé par Jason Clarke, et le film choral Gare du Nord dans lequel il tombe amoureux de Nicole Garcia à l\'intérieur de la célèbre gare parisienne. L\'année suivante, Reda Kateb intègre avec brio le difficile milieu hospitalier dans Hippocrate pour lequel il remporte le César du Meilleur second rôle masculin.\r\n\r\n\r\nReconnu en France et à l\'étranger, l\'acteur multiplie les projets en donnant la réplique à de prestigieux partenaires, de la nouvelle coqueluche du cinéma français Adèle Exarchopoulos dans Qui vive à l\'acteur américain Viggo Mortensen dans Loin des hommes. Il poursuit également son incursion à Hollywood dans le premier film remarqué de Ryan Gosling, Lost River où il campe le chauffeur de Christina Hendricks, tout en continuant à tourner pour le cinéma français dans le drame L\'Astragale de Brigitte Sy et le polar La Résistance de l\'air de Fred Grivois.\r\n\r\n\r\nA l\'aise dans de nombreux registres, le comédien sera prochainement à l\'affiche de deux drames français, Les Chevaliers blancs de Joachim Lafosse et Arrêtez-moi là de Gilles Bannier, ainsi que dans Les Beaux Jours d\'Aranjuez où il est dirigé par un cinéaste de prestige, l\'Allemand Wim Wenders. En 2017, il incarne un homme qui, à sa sortie de prison, cherche à avoir son propre bar dans Les Derniers Parisiens réalisé par les rappeurs Hamé et Ekoué. Pour l\'occasion, il retrouve Slimane Dazi après Un prophète. Cette même année, Reda Kateb se glisse dans la peau du rôle-titre du biopic Django sur le guitariste de jazz Django Reinhardt.\r\n\r\n\r\nHabitué aux films de gangsters, le comédien campe également un inspecteur de police déterminé dans Frères ennemis en 2018, aux côtés du Belge Matthias Schoenaerts qui lui incarne un malfrat traqué. Début 2019, l\'acteur prolifique rejoint François Civil, Omar Sy et Mathieu Kassovitz dans Le Chant du loup, un film de sous-marin mis en scène par Antonin Baudry. Dans Hors Normes d\'Eric Toledano et Olivier Nakache, Reda Kateb donne la réplique à Vincent Cassel. Dans cette comédie prévue pour octobre 2019, les deux acteurs jouent deux éducateurs d\'enfants et d\'adolescents autistes.\r\n'),
(11, 'Robert Downey Jr.', 'img/acteurs/robert_downey_jr.jpg', 'Fils du cinéaste Robert Downey Sr.\r\n\r\nAprès des études à Los Angeles, Robert Downey Jr. s\'installe à New York à l\'âge de 16 ans pour y débuter une carrière de comédien. Il s\'illustre notamment dans Baby, it\'s you (1983) et Une créature de rêve (1985), mais c\'est en participant régulièrement à l\'émission télévisée comique Saturday night live qu\'il accède à la célébrité.\r\n\r\n\r\nL\'année 1987 marque un tournant dans sa carrière : Neige sur Beverly Hills, l\'adaptation du roman \"Less than zero\" de Bret Easton Ellis dans laquelle il incarne un cocaïnomane, lui apporte la reconnaissance critique. Mais la suite est moins rose et la réalité va finir par rattraper la fiction : l\'acteur va en effet connaître de sérieux problèmes avec la drogue et multiplier les séjours en cure de désintoxication.\r\n\r\nAprès un passage à vide, Robert Downey Jr. revient sur le devant de la scène au début des années 90 en se retrouvant crédité au générique de Short cuts (1993) de Robert Altman et en étant nommé la même année à l\'Oscar du Meilleur acteur pour son interprétation du légendaire Chaplin dans un biopic signé Richard Attenborough. Plébiscité par la profession, il fait face aux Tueurs nés (1994) d\'Oliver Stone et passe un Week-end en famille (1995) avec Jodie Foster.\r\n\r\n\r\nMalgré ses excès en tous genres, Robert Downey Jr. parvient à tenir sa carrière en éveil, incarnant des personnages peu recommandables comme l\'officier John Royce dans US Marshals (1997), inquiétants comme le psy, amant de Halle Berry, dans Gothika (2004), voire même terrifiants comme le tueur en série de Prémonitions (1998). Egalement à l\'aise dans la comédie, il remporte en 2001 le Golden Globe du Meilleur second rôle masculin dans une série pour sa prestation dans le feuilleton à succès Ally McBeal, et se retrouve, quatre ans plus tard, en tête d\'affiche de Kiss kiss, bang bang, un polar à l\'image de l\'acteur : déjanté, tout comme le sera Tonnerre sous les Tropiques en 2008. Il signe alors les prémices de sa renaissance dans le milieu du cinéma après un passage par la case prison, conséquence d\'une toxicomanie désormais derrière lui.\r\n\r\n\r\nLibre et en bonne santé, il enchaîne les seconds rôles marquants : tour à tour, journaliste dans Good Night, and Good Luck de George Clooney et médecin dans Raymond de Brian Robbins, l\'acteur devient, en 2007, l\'énigmatique Lionel qui séduit Nicole Kidman dans Fur : un portrait imaginaire de Diane Arbus. A l\'affiche, la même année, de Zodiac de David Fincher, où il tente, aux côtés de Jake Gyllenhaal, de mettre un terme aux agissements d\'un tueur en série, il rejoint ensuite Eric Bana et Drew Barrymore dans Lucky You de Curtis Hanson. Fort de ce nouveau tournant qu\'a pris sa carrière, Robert Downey Jr. n\'en finit pas de gravir les échelons.\r\n\r\n\r\nIl devient même l\'un des acteurs les plus bancables d\'Hollywood grâce à deux franchises très lucratives, dans lesquelles le comédien crève l\'écran : il incarne un super-héros Marvel dans Iron Man en 2008 et ses deux suites Iron Man 2 en 2010 et 3 en 2013 (sans oublier son importante participation à Avengers, Avengers 2 et Captain America Civil War par le biais de ce même personnage) tout en prêtant ses traits à l\'incontournable Sherlock Holmes pour les besoins de deux nouvelles versions (2010 et 2012) explosives centrées sur le célèbre détective, à base de kung-fu, d\'humour et d\'action. Ces succès commerciaux colossaux ne l\'empêchent toutefois pas de prendre part à des films plus ancrés dans la réalité, comme l\'émouvant Soliste (2009), l\'hilarant Date limite (2010) et le judiciaire Le Juge (2014). '),
(12, 'Chris Hemsworth', 'img/acteurs/chris_hemworth.jpg', '\r\nComme ses deux frères  Liam et Luke, l\'acteur australien fait ses premières armes à la télévision. De 2002 à 2007, il multiplie les apparitions dans des séries à succès de son Australie natale telles que Les Voisins et Grand galop. Après un rôle récurrent dans le soap opera Summer Bay, le jeune acteur passe du petit au grand écran et fait une entrée fracassante dans le monde du cinéma. En 2009, il interprète George T. Kirk, le père du Capitaine Kirk incarné par Chris Pine, dans la séquence d\'introduction du Star Trek de J.J. Abrams.\r\n\r\n\r\nCe rôle bref lui permet de passer en tête d\'affiche sur d\'autre projets plus modestes qui n\'ont pas bénéficié de sortie dans les salles françaises : L\'acteur se glisse ainsi dans la peau d\'un randonneur psychopathe dans le thriller Escapade fatale, dans lequel il menace un couple de vacanciers, avant de prendre lui-même la place de la victime sous la menace de Sean Bean dans le polar Cash en 2010.\r\n\r\n\r\nSa carrière décolle définitivement en 2011, lorsqu\'il incarne pour la première fois Thor, un super-héros adapté des comics Marvel. Dirigé par Kenneth Branagh, il se fait connaitre mondialement et donne la réplique aux acteurs oscarisés Natalie Portman et Anthony Hopkins. Désormais engagé avec Marvel Studios, Chris Hemsworth reprend son rôle et son marteau pour Avengers, l\'un des grands blockbusters de 2012, qui réunit les principaux super-héros de la Maison des Idées (une autre appellation pour désigner les Studios Marvel) : Iron Man, Captain America, Hulk, Thor, la Veuve Noire, Œil de Faucon, etc.\r\n\r\n\r\nSi Hemsworth a décroché ce rôle tant convoité, c\'est en grande partie grâce à Joss Whedon, le réalisateur d\'Avengers, qui l\'a imposé à Kenneth Branagh. Les deux hommes avaient collaboré ensemble sur La Cabane dans les bois, un film d\'horreur de Drew Goddard, dans lequel Hemsworth se retrouve pris au piège d\'une cabane aux secrets mortels. Produit et scénarisé par Whedon, filmé en 2009 mais sorti en 2012, ce long métrage a donc eu un impact déterminant sur sa carrière. Nouvelle valeur sûre d\'Hollywood, Hemsworth peut désormais porter sur ses larges épaules une autre super-production : protégeant Kristen Stewart transformée en princesse guerrière, il joue le second rôle titre de Blanche-Neige et le chasseur.\r\n\r\n\r\nEn 2013, le comédien tient le rôle principal du film d\'action L\'Aube rouge tourné en 2009, puis se retrouve sous la direction du réalisateur Ron Howard dans le biopic Rush où il incarne le rôle du coureur automobile flambeur James Hunt aux côtés de son rival Niki Lauda interprété par l\'Allemand Daniel Brühl. Toujours la même année, il retrouve pour la troisième fois Mjölnir, sa cape rouge, son armure d\'asgaardien et Tom Hiddleston dans le huitième long métrage de l\'univers cinématographique de Marvel Studios, Thor : Le Monde des ténèbres.\r\n\r\n\r\nChris Hemsworth quitte ensuite le monde du blockbuster superhéroïque pour tourner dans le très mal reçu thriller de Michael Mann, Hacker (2015). L\'acteur endosse le rôle de Nicholas Hathaway, cybercriminel forcé de coopérer avec les autorités pour traquer un mystérieux hacker en Asie. La même année, il est en tête d\'affiche d\'un autre flop commercial, Au coeur de l\'Océan, bien rattrappé par Avengers : L\'ère d\'Ultron qui réalise le score délirant d\'1 milliard 408 millions de dollars au box office mondial.\r\n\r\n\r\nToujours sollicité pour des rôles physiques dans des films coûteux, Chris Hemsworth reprend son personnage du viril chasseur dans Le Chasseur et la reine des glaces et celui de Thor dans le troisième opus de la saga où il affronte quelqu\'un qu\'il connait bien en la personne de Hulk. Entre les deux, il démontre une fois de plus l\'étendue de ses talents comiques dans SOS Fantômes.\r\n'),
(13, 'Chris Evans', 'img/acteurs/chris_evans.jpg', '\r\n\r\nAprès une enfance et une scolarité passées à Boston, Chris Evans décide de partir à New York pour tenter sa chance dans la comédie. Il parvient très vite à percer dans le métier, en s\'illustrant notamment dans des séries télévisées (Boston Public, Opposite Sex). Sa carrière au cinéma débute en 2001, dans une comédie pour adolescents (Sex academy). Mais loin de rester cantonné à un seul genre, l\'acteur multiplie les rôles : il triche aux examens avec Scarlett Johansson dans la comédie policière The Perfect score (2004), donne la réplique à Kim Basinger dans le thriller Cellular (2004), et séduit Jessica Biel dans London (2005).\r\n\r\n\r\nLe destin de Chris Evans s\'embrase en 2005, lorsqu\'il décroche son premier rôle de super-héros. Dans Les Quatre Fantastiques, un blockbuster adapté des comics Marvel, il incarne Johnny Storm, alias la Torche humaine. Le film est un succès et connait une suite deux ans plus tard (Les 4 Fantastiques et le Surfer d\'Argent). Super-pouvoirs et comics, tels seront désormais les deux constantes dans la carrière de l\'acteur. Il prête ainsi sa voix à un allié des Tortues ninja (2007), se découvre des capacités supra-humaines dans Push (2009), et combat dans le délirant Scott Pilgrim vs. the World (2010). La même année, il se glisse dans la peau d\'un ex-agent de la CIA renégat pour The Losers... un long métrage qui est aussi une adaptation de comics !\r\n\r\n\r\nParallèlement, Chris Evans continue de jouer avec le feu. Il fait partie de l\'équipe du Sunshine (2007) de Danny Boyle, engagé dans une expédition pour réanimer le soleil. Loin de la science fiction, il retrouve ensuite Scarlett Johansson dans Le Journal d\'une baby-sitter, interprète le rôle d\'un policier aux côtés de Keanu Reeves dans Au bout de la nuit, puis fait équipe avec Anna Faris pour lui trouver son âme sœur ((S)ex List). Tête d\'affiche de Puncture, l\'acteur tente de percer dans le registre dramatique. Malheureusement pour lui, sa performance de junkie partant en croisade contre l\'industrie pharmaceutique est boudée par le public.\r\n\r\n\r\nPlus que jamais, Chris Evans peut compter sur l\'univers des comics pour rebondir. Avec Captain America (2011), il prend la décision de sa carrière et signe avec Marvel Studios un contrat de six films. En acceptant le rôle de Steve Rogers, ce jeune américain chétif, transformé en Super-soldat pendant la Seconde Guerre mondiale, Evans s\'engage pour au moins une décennie... Après Captain America, le long métrage qui présente le héros au public, le personnage qu\'il incarne rejoint les Avengers, la super-équipe qui rassemble les principaux héros de l\'éditeur Marvel (Iron Man, Captain America, Hulk, Thor, la Veuve Noire, Œil de Faucon, etc.). Toutefois, il n\'oublie pas de sortir de temps à autre de son costume en côtoyant la comédie ((S)ex List), le thriller (The Iceman) ou la science-fiction (Snowpiercer, le Transperceneige).\r\n\r\nDe manière logique, on le retrouve à nouveau en super-héros en 2014 dans Captain America, le soldat de l\'hiver et en 2016 dans Captain America : Civil War. Entre les deux, Chris Evans fait à nouveau équipe avec ses collègues Avengers dans Avengers : L\'Ère d\'Ultron toujours de Joss Whedon, qui réalise un score presque aussi élevé que le premier volet de plus d\'1,4 milliard de dollars de recettes mondiales.\r\n'),
(14, 'Scarlett Johansson', 'img/acteurs/scarlett_johansson.jpg', '\r\n\r\nScarlett Johansson entame sa carrière de comédienne sur les planches de Broadway, à l\'âge de huit ans, en tenant la vedette de la pièce Sophistry aux côtés d\'Ethan Hawke. Au cinéma, c\'est devant la caméra de Rob Reiner, pour la comédie L\'Irrésistible North (1994) qu\'elle fait ses premiers pas.\r\n\r\n\r\nAprès quelques apparitions, notamment dans le thriller Juste Cause (1994) et le familial Maman, je m\'occupe des méchants (1997), l\'adolescente incarne la jeune Grace dans L\'Homme qui murmurait à l\'oreille des chevaux (1998) de Robert Redford, un rôle qui la révèle au grand public. Au début des années 2000, on la retrouve chez les frères Coen (The Barber : l\'homme qui n\'était pas là, 2001), ainsi qu\'au générique de la série B Arac Attack (2002) et de l\'indépendant Ghost World (id.) avec Thora Birch.\r\n\r\n\r\nEn 2004, le film Lost in Translation de Sofia Coppola marque un tournant dans sa carrière, puisqu\'elle se voit citée à l\'Oscar de la Meilleure actrice. Ayant mûri, Scarlett Johansson devient une valeur sûre d\'Hollywood. Quand elle ne s\'affiche pas dans des films d\'époque (L\'Eventail de Lady Windermere, La Jeune fille à la perle, Deux soeurs pour un roi) ou des blockbusters (The Island, Le Prestige), la belle s\'illustre chez de grands cinéastes américains comme Brian De Palma (Le Dahlia noir, 2006) ou Woody Allen, avec qui elle collabore à trois reprises, sur Match Point (2005), Scoop (2006) et Vicky Cristina Barcelona (2008). Adepte de la comédie et de la romance, Scarlett Johansson compte à son actif quelques films plus légers comme En bonne compagnie (2005), Le Journal d\'une baby-sitter (2008), Ce que pensent les hommes (2009) et Nouveau Départ (2012).\r\n\r\n\r\nDans un registre plus sombre, elle dévoile ses charmes dans le méconnu The Spirit (2008), l\'adaptation du comic-book culte de Will Eisner. Un genre qu\'elle retrouve deux ans plus tard pour le blockbuster issu du catalogue Marvel, Iron Man 2. Scarlett Johansson y incarne le personnage hyper-athlétique de La Veuve Noire et en profite pour donner la réplique à Robert Downey Jr., comédien qu\'elle retrouve rapidement au sein des Avengers en 2012 (et sa suite Avengers: L\'ère d\'Ultron en 2015), dans lequel son personnage côtoie d\'autres super-héros made in Marvel tels que Thor (Chris Hemsworth), Hulk (Mark Ruffalo) ou encore Captain America (Chris Evans).\r\n\r\n\r\nElle quitte son armure de super-héroïne pour jouer la fille prude et romantique dans Don Jon, le premier long-métrage de Joseph-Gordon Levitt qui en tombe amoureux transit. Sa voix suave et sexy porte ensuite la love story 2.0 Her de Spike Jonze. Un rôle à contre-emploi puisque l\'actrice, qui reçoit des mains de Quentin Tarantino un César d\'honneur lors de la 39ème Nuit des César, n\'apparaît jamais en chair et en os à l\'écran.\r\n\r\n\r\nOn la voit ensuite dans les suites du plus patriotique des super-héros avec Captain America, Le soldat de l\'hiver (2014) et Captain America : Civil War (2016) où elle renfile le costume de La Veuve noire. En 2014, Luc Besson revient à ses premiers amours, la science-fiction, et fait appel à l\'actrice pour jouer le rôle-titre de Lucy où elle incarne une étudiante perdant peu à peu le contrôle sur ses capacités intellectuelles disproportionnées. Toujours dans le registre de la science-fiction et de l\'action, Scarlett Johansson incarnera le rôle principal de Ghost in the Shell, l\'adaptation du célèbre manga japonais par Rupert Sanders dont la sortie est prévue pour 2017.\r\n\r\nPS: elle est belle hein !\r\n'),
(15, 'Jay Baruchel', 'img/acteurs/jay_baruchel.jpg', 'D\'origine canadienne, Jay Baruchel décroche son premier rôle à douze ans à la télévision sur la chaine Nickelodeon. Après avoir joué dans la série: My Hometown, il tourne dans la sitcom de CBS: The Stones et écrit, produit et réalise son premier court-métrage : Edgar & Jane.\r\n\r\nCôté cinéma, l\'acteur apparaît dans Presque célèbre de Cameron Crowe en 2001 avant de rejoindre le casting du film de Roger Avary pour Les Lois de l\'attraction et d\'avoir le privilège d\'interpréter un jeune boxeur dans Million Dollar Baby. En 2007, le jeune homme privilégie les comédies et joue le rôle de Jay dans le film En cloque, mode d\'emploi, avant d\'interpréter un jeune acteur fringant dans Tonnerre sous les Tropiques de Ben Stiller, qu\'il retrouve un an plus tard dans La Nuit au musée 2.\r\n\r\n2010 est une année importante pour l\'acteur qui obtient le premier rôle de Trop belle! de Jim Field Smith avant de prêter sa voix au personnage de Harold dans Dragons de Chris Sanders et d\'interpréter L\'Apprenti Sorcier dans le film éponyme de Jon Turteltaub. Après des seconds rôles dans le Cosmopolis de Cronenberg, la comédie déjantée C\'est la fin et RoboCop, l\'acteur retrouve le personnage d\'Harold pour Dragons 2. '),
(16, 'Kit Harington', 'img/acteurs/kit_harington.jpg', '\r\n\r\nNé Christopher Catesby Harington, il est un descendant du roi Charles II.\r\nKit Harington souhaite devenir cameraman, journaliste ou correspondant de guerre avant de se diriger vers la comédie lorsqu’il est encore à l’école. Il interprète Albert Narracott dans la pièce \"War Horse\" (Cheval de guerre), qui remporte deux Oliver Awards permettant à Kit de se faire remarquer. Le jeune comédien joue ensuite dans une nouvelle pièce, \"Posh\" où il incarne Ed Montgomery.\r\n\r\n2011 voit le début de la consécration pour Harington puisqu’il est choisi pour incarner le fils illégitime d’Eddard Stark dans la série évènement inspirée des livres du même nom : Game of Thrones. Il y interprète Jon Snow, personnage régulier qui sait manier l\'épée et possède de grandes qualités de meneur d\'hommes.\r\n\r\nL\'année suivante, Kit est choisi pour jouer Vincent dans Silent Hill : Révélation 3D, avant de se voir offrir la tête d’affiche du blockbuster Pompéi réalisé par Paul W.S. Anderson et dans lequel il campe un gladiateur amoureux de la fille de son maître, tout cela avant l’éruption du Vésuve. Là encore, il s\'agit d\'un rôle très physique pour lequel la maîtrise de l\'épée est obligatoire.\r\n\r\n\r\nAprès quoi, c\'est dans le monde de l\'animation que le comédien fait une nouvelle incursion en prêtant sa voix au personnage d\'Eret dans Dragons 2. Il retrouve ensuite un univers \"d\'héroic fantasy\" avec Le Septième fils, au côté de comédiens prestigieux tels que Jeff Bridges et Julianne Moore. Malheureusement, le film se solde par un échec au box-office.\r\n\r\n\r\nEn 2015, après avoir porté le film d\'espionnage Mi-5 (qui sort directement à la télévision en France), Kit Harington donne la réplique à la très à la mode jeune comédienne Alicia Vikander dans l\'adaptation de Mémoires de jeunesse, une histoire d\'amour et de féminisme au coeur des combats de la Première Guerre mondiale. \r\n'),
(17, 'America Ferrera', 'img/acteurs/america_ferrera.jpg', 'C\'est à la télévision, en 2002, qu\'America Ferrera débute sa carrière d\'actrice en tournant dans le téléfilm Cadence pour Disney Channel avant de découvrir les plateaux de cinéma quelques mois plus tard en incarnant le rôle-titre d\'Ana, une jeune Mexicaine qui décide d\'entrer à l\'université contre l\'avis de sa famille. Après quoi, elle apparaît le temps d\'un épisode dans des séries comme Les anges du bonheur ainsi que Les Experts avant de revenir au cinéma en 2005 avec le récit initiatique 4 filles et un jean puis Les Seigneurs de Dogtown au côté d\'Emile Hirsh et Heath Ledger.\r\n\r\n\r\nC\'est l\'année suivante, en 2006, que sa carrière prend un tournant considérable quand elle obtient le rôle principal de la série Ugly Betty. Elle y interprète Betty Suarez, une jeune fille au physique peu avantageux mais qui va se battre pour trouver sa place dans un monde où les apparences importent parfois plus que le reste. Un personnage qui a amené la comédienne à se transformer physiquement.\r\n\r\n\r\nLa série est un succès durant quatre saisons, soit jusqu\'en 2010 et reçoit également le Golden Globe de la meilleure série comique pendant qu\'America Ferrera est auréolée du Golden Globe de la meilleure actrice. Par la suite, elle reprend son rôle de Carmen pour 4 filles et un jean 2 (2008) puis interprète une jeune fille vivant de manière très stressante les semaines précédant son mariage dans La Guerre des pères (2010). La comédienne campe également une policière dans le violent End of Watch (2012) et Helen Chavez dans le biopic Cesar Chavez (2014). \r\n\r\n\r\nParallèlement à cela, America Ferrera entame son immersion dans le film d\'animation en prêtant sa voix à Noa dans La Fée Clochette (2008) et Astrid (amie du héros) dans la lucrative production des Studios Dreamworks Dragons (2010), puis la série dérivée du film Dragons: Cavaliers de Beurk (2012 - 2014) et enfin Dragons 2 (2014). '),
(18, 'Bradley Cooper', 'img/acteurs/bradley_cooper.jpg', 'Une fois diplômé de l\'Université de Georgetown, Bradley Cooper s\'envole pour New York, afin de suivre les cours de l\'Actor Studio Drama School. C\'est au cours de cette période qu\'il s\'illustre sur les planches (dans une adaptation d\'Elephant Man notamment) et fait ses débuts sur le petit écran dans Sex & the City. Le passage au grand se fait peu de temps après, en 2001, grâce à Wet Hot American Summer, dont le tournage lui vaut de manquer sa remise de diplôme.\r\n\r\n\r\nLa même année, J.J. Abrams ne le rate pas lorsqu\'il lui confie le rôle de Will Tippin dans Alias, série culte dans laquelle le comédien s\'illustrera le temps de trois saisons. Outre des apparitions dans d\'autres shows télévisés, Bradley Cooper se fait de plus en plus présent sur grand écran, grâce à Playboy à saisir (2005), The Comebacks (2007), et surtout Serial noceurs, où son personnage de beau-frère déjanté marque les esprits.\r\n\r\nDavantage coutumier des seconds rôles (Yes Man, The Rocker), Bradley Cooper passe au premier plan en 2009, puisqu\'il se retrouve en haut des affiches de The Midnight Meat Train, adaptation d\'une nouvelle de Clive Barker présentée au Festival de Gérardmer, et de la comédie Very Bad Trip, succès-surprise aux box-office américain et français. Il joue les séducteurs dans deux comédies romantiques sorties coup sur coup avec Ce que pensent les hommes (2009) et Valentine\'s Day (2010).\r\n\r\n\r\nLa même année, il apparaît dans le court métrage réalisé par Allen Hughes pour le film collectif New York, I Love You et tient le haut de l\'affiche (avec Liam Neeson) de l\'adaptation cinématographique de L\'Agence tous risques par Joe Carnahan. On le revoit sur les écrans au cours de l\'été 2011 où sortent à quelques jours d\'intervalle Limitless, dans lequel il incarne un écrivain dont les facultés intellectuelles sont décuplées grâce à une drogue, et Very Bad Trip 2, suite des aventures de Phil, Alan et Stu.\r\n\r\n\r\nAdepte des grands écarts, Bradley Cooper est à l\'aise dans les franches comédies comme dans les drames poignants ; il se coiffe de dreadlocks blondes pour incarner un malfrat déjanté dans Hit and Run (2012) de Dax Shepard, avant de tomber sous le charme de l\'oscarisée Jennifer Lawrence dans Happiness Therapy (2013), qui lui vaut également d\'être cité pour recevoir la célèbre statuette. Toujours en 2013, après avoir partagé l\'affiche avec Ryan Gosling de l\'émouvant The Place Beyond The Pines, l\'acteur repart pour un dernier Very Bad Trip à Tijuana.\r\n\r\n\r\nDavid O. Russel réunit à nouveau Bradley Cooper et Jennifer Lawrence pour le très primé American Bluff. Le comédien prête ensuite sa voix au personnage de Rocket, un raton laveur génétiquement modifié dans Les Gardiens de la Galaxie et retrouve Lawrence qui campe sa femme dans Serena, un drame se déroulant durant la Grande Dépression mis en scène par Susanne Bier. L\'année suivante, en 2015, le comédien marque les esprits avec sa prestation intense du sniper Chris Kyle dans le très lucratif film de Clint Eastwood American Sniper. \r\n\r\n\r\nComptant parmi les acteurs les plus sollicités du moment, Bradley Cooper tient cette même année le premier rôle (à nouveau un militaire !) du nouveau film de Cameron Crowe, la comédie dramatique et romantique Welcome Back où il est pris dans un triangle amoureux avec les ravissantes Emma Stone et Rachel McAdams. Toujours en 2015, l\'acteur enchaîne avec la comédie Adam Jones, dans laquelle il incarne un grand chef qui, après avoir détruit sa carrière par ses excès, cherche à nouveau le succès en ouvrant un restaurant à Londres, puis le biopic Joy qui marque sa troisième collaboration avec David O. Russel et sa quatrième avec Jennifer Lawrence. ');
INSERT INTO `acteur` (`Id_Acteur`, `Nom_Acteur`, `Image_Acteur`, `Bio_Acteur`) VALUES
(19, 'Lady Gaga', 'img/acteurs/lady_gaga.jpg', 'Lady Gaga, nom de scène de Stefani Joanne Angelina Germanotta, née le 28 mars 1986 dans le quartier de Manhattan, à New York, est une auteure-compositrice-interprète et actrice américaine. Élevée à New York, elle étudie au couvent du Sacré-Cœur puis parvient à être sélectionnée pour la prestigieuse Tisch School of the Arts de l’université de New York. Elle quitte le milieu scolaire pour se lancer dans une carrière musicale, se fait un nom sur la scène musicale rock du Lower East Side et signe une entente chez Streamline Records fin 2007 en tant qu’auteure-compositrice. Composant pour divers chanteurs et groupes, ses capacités vocales sont remarquées par l’artiste Akon, qui la signe en tant que chanteuse sur son label, Kon Live Distribution.\r\n\r\nGaga perce en tant que chanteuse à la suite de la sortie de son premier album, The Fame (2008), qui est, en plus d’être applaudi par la critique, un immense succès commercial à travers le monde et incluant les numéros-un Just Dance et Poker Face. D\'autres singles en sont extraits: Eh, Eh (Nothing Else I Can Say), LoveGame et Paparazzi, ainsi que Beautiful, Dirty, Rich comme single promotionnel. Son second album nommé The Fame Monster (2009) sera très bien accueilli par la critique. Il s\'agit d\'un EP prenant parfois la forme d\'une réédition de The Fame avec ses huit pistes additionnelles. L\'album contient les tubes internationaux Bad Romance, Telephone avec Beyoncé et Alejandro. Une tournée mondiale de plus de dix-huit mois suivra, The Monster Ball Tour, qui deviendra l’un des spectacles les plus lucratifs de tous les temps.\r\n\r\nSon troisième album, Born This Way (2011), atteint de nouveau le sommet de la plupart des palmarès et génère, une fois de plus, de nombreux succès internationaux : Born This Way, Judas, The Edge of Glory, Yoü and I et Marry the Night, ainsi Hair, sorti en tant que single promotionnel ainsi qu\'une tournée à guichets fermés intitulé The Born This Way Ball. Le quatrième album de la chanteuse, intitulé Artpop, stylisé ARTPOP (2013) contient les tubes Applause, Do What U Want et G.U.Y., ainsi que les singles promotionnels Venus et Dope. Ce nouvel opus se classe no 1 des téléchargements iTunes dans plus de 80 pays, ainsi que dans les bacs des États-Unis, du Royaume-Uni, du Japon, du Brésil, du Canada, et d\'autres pays. La chanteuse arrive en tête du classement Forbes 2013 des musiciens les plus influents devant Beyoncé, Madonna et Bon Jovi1.\r\n\r\nSon premier album en duo, Cheek to Cheek (2014), l\'unit au chanteur Tony Bennett. Il s\'agit du premier album de jazz de la chanteuse. Vendu à plus d\'un million d\'exemplaires et acclamé par la critique il est soutenu par les singles Anything Goes et I Can\'t Give You Anything But Love. Cet album s\'est classé no 1 aux États-Unis. Son cinquième album studio s\'intitule Joanne. Les singles Perfect Illusion, qui est succès dans les charts français, et Million Reasons qui sera certifié platine aux États-Unis en sont issus, ainsi que le single promotionnel A-YO. L\'album atteindra la première place des charts américains et marque un tournant musical radical pour la chanteuse en allant du country au pop-rock, cette fois-ci accompagné d\'une voix naturelle, sans aucune retouche.\r\n\r\nLady Gaga joue également de petits rôles dans Les Soprano (avant de connaître la gloire), Men in Black 3, Machete Kills et dans Sin City : J\'ai tué pour elle, avant d\'interpréter des personnages plus importants dans les saisons 5 et 6 de la série d\'anthologie horrifique American Horror Story (son rôle dans la saison 5 lui rapportant un Golden Globe), ainsi que dans A Star is Born qui devient un succès mondial et dont la bande-son devenue no 1 fait de Lady Gaga l\'artiste ayant le plus d\'albums ayant atteint la première place des charts américains de la décennie2.\r\n\r\nGaga est reconnue pour ses excentricités flamboyantes qu’elle transmet à l’industrie de la musique à travers la mode, ses performances et ses vidéoclips. Ses ventes de disques à travers le monde sont estimées à 180 millions, 30 millions d\'albums et près de 150 millions de singles selon Billboard3. Ses récompenses incluent neuf Grammy Awards et 13 MTV Video Music Awards. Elle a été nommée « artiste de l\'année » en 2010 par le magazine Billboard, s’est classée quatrième dans la compilation de VH1 des « 100 meilleures femmes de l’histoire de la musique », est apparue à plusieurs reprises dans différentes listes réalisées par Forbes et a été nommée « la personne la plus influente du monde » par le magazine Time. Elle est ensuite classée 2e personne la plus influente de ces 10 dernières années, derrière Aung San Suu Kyi, toujours par le Time. En 2013, elle est élue « femme de l\'année » par le magazine Glamour. Deux ans plus tard, en 2015, c\'est Billboard qui lui accorde ce titre.\r\n\r\nDébut 2019, Lady Gaga remporte le Golden Globe et l\'Oscar de la meilleure chanson originale ainsi que deux Grammy Awards pour le titre Shallow dans le film A Star Is Born où elle tient le rôle principal aux côtés du réalisateur-acteur Bradley Cooper. '),
(20, 'Alexandre Astier', 'img/acteurs/alexandre_astier.jpg', 'La passion première d\'Alexandre Astier n\'est pas la comédie mais la musique.Très jeune, il entre au Conservatoire avant de poursuivre ses études à l\'American School of Modern Music à Paris. En parallèle, il suit ses premiers cours de théâtre et se met peu à peu à l\'écriture. Très vite, il monte deux pièces écrites par ses soins : en 1997, Poule Fiction, et en 2000, L\'étrange assistant du Docteur Lannion. C\'est grâce à sa prestation sur scène à Lyon dans Le jour du froment qu\'il se fait remarquer par les professionnels. Il se distingue notamment dans la pièce de Jacques Chambon, Nous crions grâce.\r\n\r\nAprès avoir composé des musiques pour des courts-métrages tels que Soyons sport et Un soupçon fondé sur quelque chose de gras, il se lance dans la réalisation de son propre court, Dies iræ, qui remporte le Prix du public 2003 du Festival Off-Courts. Celui-ci donnera naissance à la série Kaamelott qui l\'a fait connaître auprès du grand public. Il est à la fois réalisateur, scénariste et acteur de cette fiction qui met en scène la légende des chevaliers de la Table Ronde. Elle a remplacé avec succès Caméra Café sur l\'antenne de M6 à partir du mois de Janvier 2005. Tandis qu\'il s\'offre le rôle du Roi Arthur, il en profite pour faire jouer sa famille. Ainsi, son père Lionel Astier obtient le rôle de Léodagan, son frère Simon Astier celui d\'Yvain, Joëlle Sevilla, sa mère, celui de Sévi et Josée Drevon, sa belle-mère, celui d\'Ygerne. Il va même jusqu\'à composer les musiques de la série ! A partir de 2006, il décline l\'univers de Kaamelott dans une BD dont il a écrit le scénario.\r\n\r\nIl décroche son premier rôle au cinéma en 2006 dans le film Comme t\'y es belle !, aux cotés de Michèle Laroque, puis il enchaîne avec le blockbuster français Astérix aux Jeux Olympiques. En 2008, il endosse le rôle de Reiser, grand dessinateur et ami de Coluche, dans le film d\'Antoine de Caunes, Coluche, l\'histoire d\'un mec. L\'année suivante, il offre un registre inattendu avec son rôle d\'ex-mari confident de Sophie Marceau dans LOL - Laughing Out Loud. Il fera un petit retour à la télévision en 2010 le temps d\'un caméo dans la série de son frère Simon, Hero Corp avant d\'incarner en 2011 le méchant Clotindre dans Philibert, pastiche de films de cape et d\'épée face à Jérémie Renier. \r\n\r\nEn 2012, Alexandre Astier voit enfin l’accomplissement de son premier long-métrage au cinéma : David et Madame Hansen. Comme à son habitude, Alexandre est sur tous les fronts puisqu’il écrit, produit, réalise, monte et compose même les musiques de ce film. En 2012 aussi, il retrouve les planches avec sa pièce Que ma joie demeure !, et fait de nombreuses apparitions dans des émissions et mini-séries à succès comme Bref, Le Golden Show, ou encore Scènes de ménages en 2013.\r\n\r\nLa même année, il collabore au scénario de Pop Rédemption et y joue avec Julien Doré. Le 6 mars 2014 est mis en ligne un court-métrage de Lisa Azuelos intitulé 14 millions de cris dans lequel il joue aux côtés de Julie Gayet et qui dénonce le mariage forcé de plus de 14 millions de mineurs chaque année dans le monde. Le mois suivant sort dans les salles la quatrième collaboration d’Alexandre Astier et Lisa Azuelos dans la romance Une rencontre.\r\n\r\nA Noël 2014, le public français découvre Astérix - Le Domaine des Dieux, le neuvième film d’animation du célèbre petit gaulois. Alexandre Astier, à l’origine de ce projet, réunit une pléiade de stars dont des habitués de Kaamelott comme Lionel Astier et Joëlle Sevilla, mais aussi Elie Sémoun, Alain Chabat, Géraldine Nakache, ainsi que Florence Foresti et Roger Carel, la voix officielle d’Astérix depuis 1967. En 2014 toujours, l’hyperactif Astier tourne dans le premier long-métrage de Kheiron et débute la tournée dans l’hexagone, la Suisse et la Belgique de sa nouvelle pièce de théâtre l’Exoconférence. '),
(21, 'Christian Clavier', 'img/acteurs/christian_clavier.jpg', 'Frère du réalisateur Stéphane Clavier, Christian Clavier étudie au lycée Pasteur de Neuilly en compagnie de Michel Blanc, Gérard Jugnot et Thierry Lhermitte. Il passe brillamment son baccalauréat et poursuit des études de sciences politiques pendant deux ans. En compagnie de ses amis de lycée, il monte la troupe du Splendid également composée de Josiane Balasko et Marie-Anne Chazel, qui sera sa femme à la ville. Christian Clavier devient ainsi auteur, metteur en scène et interprète de Je vais craquer, Ma tête est malade et, en 1978, Amours, coquillages et crustacés qui sera adapté au cinéma par Patrice Leconte sous le titre Les Bronzés.\r\n\r\n\r\nEn 1975, il fait ses débuts au cinéma en compagnie de Michel Blanc dans Que la fête commence de Bertrand Tavernier, puis dans F. comme Fairbanks de Maurice Dugowson. C\'est Pierre Lary qui lui propose un premier véritable rôle dans Le Diable dans la boîte (1977) aux côtés de Jean Rochefort et Michael Lonsdale. Après l\'aventure des Bronzés et des Bronzés font du ski (1979), il tourne à deux reprises sous la direction de François Leterrier, jouant les \"bobos\" parisiens dans les comédies à succès Je vais craquer (1980) et Les Babas cool (1981). Puis il retrouve le café-théâtre pour la pièce culte Le Père Noël est une ordure, adaptée au cinéma par Jean-Marie Poiré. Le succès ne le quitte plus.\r\n\r\n\r\nDevenus inséparables, Christian Clavier et le cinéaste poursuivent leur collaboration avec Papy fait de la résistance (1983), Twist again à Moscou (1986) et Mes meilleurs copains (1988), l\'histoire de retrouvailles d\'amis de lycée sur un mode nostalgique et chaleureux. Dans les années 90, le duo enchaîne d\'autres succès publics : Opération corned-beef (1991), où Christian Clavier donne pour la première fois la réplique à Jean Reno, Les Visiteurs (1993) et sa suite Les Couloirs du temps, les visiteurs 2 (1998) ainsi que Les Anges gardiens (1995). Avec le triomphe historique au box-office des Visiteurs, Christian Clavier assoit son statut d\'acteur comique numéro un et reprend le flambeau de Louis De Funès, dont il se réclame fréquemment. Mais la filiation est encore plus nette avec La Soif de l\'or (1993) de Gérard Oury, le cinéaste qui a fait la gloire de De Funès. Dans un rôle de grippe-sou, Christian Clavier marche sur les traces de son aîné.\r\n\r\n\r\nEn 1999, un nouveau défi s\'offre à lui : incarner Astérix le gaulois, aux côtés de Gérard Depardieu, et sous la direction de Claude Zidi. Pour Astérix et Obélix contre César, le public est une fois de plus au rendez-vous, mais pas les critiques qui déplorent ses choix d\'acteur. Après l\'échec des Visiteurs en Amérique (2001) et la réussite d\'Astérix et Obélix : mission Cléopâtre (2002) d\'Alain Chabat, Christian Clavier tend à s\'éloigner des personnages hystériques qui ont fait son succès, pour prêter ses traits à l\'empereur Napoléon (2002) dans un téléfilm d\'Yves Simoneau.\r\n\r\n\r\nSorti grandi de cette expérience, l\'acteur revient à ses premières amours, la comédie, se laissant diriger par son frère Stéphane pour les besoins de Lovely Rita Sainte Patronne des cas désespérés (2003), et donnant la réplique à l\'une de ses idoles, Michel Serrault, dans Albert est méchant (2004). Plus actif que jamais, il écrit et interprète, aux côtés de son complice Jean Reno, l\'adaptation cinématographique de la bande dessinée L\'Enquête corse de Pétillon. C\'est sur le tournage de ce film qu\'il fait la connaissance de Caterina Murino, une actrice italienne à qui il propose de jouer aux côtés de l\'équipe du Splendid réunie au grand complet dans Les Bronzés 3 amis pour la vie (2006). Après les échecs de L\' Auberge rouge en 2007 et de La Sainte Victoire en 2009, il passe en 2011 pour la première fois de sa carrière à la fois devant et derrière la caméra pour le cocasse On ne choisit pas sa famille, dans lequel il traite de l\'homoparentalité et de l\'adoption en Thaïlande, en compagnie de ses fidèles amis Jean Reno et Muriel Robin. \r\n\r\n\r\nFidèle à son statut d\'acteur ultra bancable, Clavier enchaine les succès au box-office au rayon comédie : Les Profs (2013), Une heure de tranquillité (2014), Babyssitting 2 (2015) mais surtout Qu\'est-ce qu\'on a fait au Bon Dieu? et ses plus de 12 millions d\'entrées. Les choses ne devraient pas changer pour lui puisqu\'il est en 2016 à l\'affiche du très attendu Les Visiteurs - La Révolution où il reprend son rôle culte de Jacquouille aux côtés de Reno. '),
(22, 'Florence Foresti', 'img/acteurs/florence_foresti.jpg', 'Florence Foresti, née le 8 novembre 1973 à Vénissieux (Rhône), est une humoriste et actrice française.\r\n'),
(23, 'Bernard Alane', 'img/acteurs/barnard_alane.jpg', 'Beaucoup vu au théâtre, son rôle le plus marquant au cinéma fut celui de l\'hiberné dans le film \"Hibernatus\" (où en fait sa mère ne s\'appelle pas Léontine mais Edmée, Edmée...Edmée... Edmée...). '),
(24, 'François Cluzet', 'img/acteurs/francois_cluzet.jpg', 'Marqué par la prestation de Brel sur scène dans L\'Homme de la Mancha, François Cluzet, fils d\'un marchand de journaux du VIIe arrondissement, rêve très tôt de célébrité. Adolescent, il chante dans des groupes de rock, mais son amour des textes le porte vers la comédie. Quittant le lycée à 17 ans, il intègre le Cours Simon, puis ceux de Périmony et Cochet. Après des débuts sur les planches en 1976 et quelques téléfilms, il apparaît au cinéma en 1980 dans Cocktail Molotov de Diane Kurys. La même année, Claude Chabrol, qui deviendra son réalisateur-fétiche, lui confie un des rôles principaux de sa chronique paysanne en pays bigouden, Le Cheval d\'orgueil. Ils se retrouveront dès 1982 pour Les Fantômes du chapelier.\r\n\r\nL\'année 1983 est très riche pour François Cluzet, frère de Pinpon-Souchon dans L\'Eté meurtrier et enfant du peuple dans Vive la sociale, deux prestations qui lui vaudront en 1984 le Prix Jean-Gabin et une double nomination aux César (Meilleurs espoir et second rôle). Parfois comparé à Dustin Hoffman, l\'acteur se révèle aussi à l\'aise en prolo au grand coeur dans Force majeure (1989) qu\'en chef d\'entreprise malhonnête dans Association de malfaiteurs ou en Camille Desmoulins dans La Révolution française. Dans les années 80 toujours, il croise la route de Gatlif, Claire Denis, et tourne avec les deux Bertrand du cinéma français : Tavernier (le jazzy Autour de minuit en 1986) et Blier (Trop belle pour toi). Plus tard, il travaillera avec deux grands Américains, Altman et Kasdan.\r\n\r\nLui dont le modèle est Spencer Tracy dans Dr Jekyll et Mr Hyde incarne volontiers les individus troubles. Son mentor Chabrol lui offre le rôle du mari médiocre d\'Huppert dans Une affaire de femmes, et celui, jaloux, de Béart dans L\'Enfer (1994). Ce goût pour les personnages tourmentés le conduit à camper à plusieurs reprises des écrivains, sur un mode mélancolique (Fin août, début septembre) ou loufoque (L\'Examen de minuit) et surtout Les Apprentis de Salvadori, un de ses plus gros succès, en 1995. Il s\'illustre ensuite surtout dans la comédie, affichant une prédilection pour les doux dingues, comme en témoignent ses compositions délirantes dans France boutique de Tonie Marshall, Janis et John ou encore Quatre étoiles.\r\n\r\nC\'est pourtant sa prestation dans un thriller, Ne le dis à personne de Guillaume Canet (un des champions du box office 2006) qui lui vaudra son premier César. Il retrouvera l\'acteur/réalisateur en 2008 pour Liens du sang. Devenu un acteur de tout premier plan, François Cluzet participe au luxueux film choral Paris de Cédric Klapisch et enchaîne les premiers rôles forts : alcoolique dans Le Dernier pour la route (2009), il se retrouve souvent dans des histoires d\'escrocs et de gangsters en tous genres, comme dans A l\'origine (2008) ou encore dans Blanc comme neige (2010). Pour Les Petits mouchoirs, sa troisième collaboration avec Guillaume Canet, François Cluzet joue avec brio les chefs de bande bien trop stressés, aux côtés de Marion Cotillard, Benoît Magimel, Gilles Lellouche et Jean Dujardin.\r\n\r\nCluzet n\'hésite pas à se glisser dans la peau de personnages issus de différentes catégories sociales. Preuve en est en 2011, l\'acteur passant d\'un statut précaire dans Mon père est femme de ménage à un statut plus que confortable dans Intouchables, au sein duquel il campe le rôle d\'un riche aristocrate se liant d\'amitié avec quelqu\'un de très différent de lui, interprété par le comique Omar Sy. Après le succès fulgurant d\'Intouchables et ses 20 millions de spectateurs en France, Cluzet reste dans le registre de la comédie mais dans une optique plus légère. En effet, le comédien tourne avec et sous la direction d\'Yvan Attal dans Do Not Disturb, l\'histoire de deux amis qui se mettent en tête de tourner ensemble un porno gay amateur. Le film est malheureusement un échec critique et commercial.\r\n\r\nEn 2013, l\'acteur détourne un fourgon blindé dans le thriller inspiré de faits réels de Philippe Godeau, 11.6. François se glisse dans la peau de Toni Musulin, convoyeur de fonds ayant mis la main sur un butin de 11.6 millions d\'euros avant de se faire arrêter. La même année, il se perd en mer dans le drame maritime de Christophe Offenstein, En Solitaire. Amoureux de Sophie Marceau dans Une Rencontre (2014), meilleur ami de Vincent Cassel dans Un moment d\'égarement (2015), l\'acteur joue aussi un médecin de campagne dont les jours sont comptés (2016), un homme discret au coeur d\'un complot politique dans La Mécanique de l\'ombre (id.) et un braconnier amoureux de la nature dans L\'Ecole buissonnière (2017). '),
(25, 'Marion Cotillard', 'img/acteurs/marion_cotillard.jpg', 'Fille de comédiens, Marion Cotillard baigne dans l\'atmosphère exaltante des plateaux de théâtre. Dès qu\'on a besoin d\'un bébé ou d\'un enfant pour une pièce, la voici sur les planches, donnant la réplique à sa mère. Après quelques apparitions pour Arnaud Desplechin (Comment je me suis disputé... (ma vie sexuelle) en 1996) et Coline Serreau (La Belle verte), c\'est la série des \"Taxi\" (Taxi en 1998 et Taxi 2 en 2000, puis Taxi 3 en 2003), produite par Luc Besson, qui la révèle au grand public. Suivent deux rôles importants dans Furia d\'Alexandre Aja et Lisa de Pierre Grimblat.\r\n\r\n\r\nEn 2001, Marion Cotillard porte, par sa double prestation, Les Jolies choses de Gilles Paquet-Brenner, une adaptation cinématographique du roman homonyme de Virginie Despentes. Elle y incarne deux sœurs jumelles, la seconde, timide et réservée, étant amenée à vivre la vie de la première, fougueuse et libérée. L\'année suivante, elle donne la réplique à Guillaume Canet, dans la comédie romantique Jeux d\'enfants (2002), le premier long métrage de Yann Samuell, avant de retrouver le comédien, devenu son compagnon, dans Le Dernier vol (2009) de Karim Dridi. Son joli minois devenu incontournable, la belle tente une carrière à l\'international en jouant sous la direction de Tim Burton dans Big fish (2003), avant de décrocher le César de la Meilleure actrice dans un second rôle pour Un long dimanche de fiançailles (2004) de Jean-Pierre Jeunet.\r\n\r\n\r\nEn 2005, Titoff, Vincent Elbaz et José Garcia figurent parmi les comédiens qui succombent à l\'écran au charme de l\'actrice, le premier dans Cavalcade, le second dans la comédie Ma vie en l\'air et le troisième dans le thriller La Boîte noire. Toujours aussi prolifique - elle compte pas moins de cinq films en 2006 parmi lesquels Dikkenek et Fair play - Marion Cotillard retrouve le chemin des studios hollywoodiens en s\'illustrant aux côtés de Russell Crowe dans la comédie romantique de Ridley Scott, Une grande année (2007). Mais c\'est son hallucinante composition de La Môme Piaf qui va la faire entrer dans la légende... Avec en poche un Golden Globe, un BAFTA, un César et un Oscar de la Meilleure actrice, la belle ne tarde pas à enchaîner les productions de prestige comme le film de gangsters Public Enemies (2009) de Michael Mann et la comédie musicale Nine (id.) de Rob Marshall.\r\n\r\n\r\nEn 2010, elle joue de nouveau devant la caméra d\'un des réalisateurs les plus cotés du moment, Christopher Nolan, dans son thriller mystérieux Inception où elle a pour partenaire Leonardo DiCaprio. Elle est également à l\'affiche du troisième long-métrage de Guillaume Canet, Les Petits mouchoirs, avant de jouer sous la férule de Woody Allen dans Minuit à Paris, puis de Steven Soderbergh dans Contagion. En 2012, elle illumine le cinéma français par sa collaboration avec Jacques Audiard dans De rouille et d\'os et retrouve Nolan pour la deuxième fois dans le film le plus attendu de l\'année : The Dark Knight Rises, continuant ainsi d\'alterner productions françaises et productions internationales.\r\n\r\n\r\nMarion Cotillard est en 2013 à l\'affiche de deux films se déroulant à New York et qui ont un lien avec le prestigieux metteur en scène James Gray : le remake Blood Ties écrit par ce dernier et réalisé par son mari, suivi du sombre The Immigrant où, là encore, sa prestation d\'une immigrée marque les esprits. Elle retourne en France l\'année suivante pour se glisser dans la peau d\'une salariée licenciée dans le drame des frères Dardennes Deux jours, une nuit. Adepte de projets ambitieux, la comédienne succède à Natalie Portman pour jouer l\'épouse du roi Macbeth/Michael Fassbender dans le film du même nom. Elle retrouve l\'acteur dans l\'adaptation du jeu vidéo Assassin\'s Creed, qui se solde par un échec au box-office.\r\n\r\n\r\nA l\'affiche de l\'originale comédie Rock\'n Roll de Guilaume Canet, Marion Cotillard tourne pour de prestigieux cinéastes, comme Nicole Garcia (Mal de Pierres), Xavier Dolan (Juste La Fin Du Monde), Robert Zemeckis (Alliés) ou encore Arnaud Desplechin (Les Fantômes d’Ismaël). En 2018, elle livre une prestation bouleversante d\'une jeune mère alcoolique et irresponsable dans Gueule d\'ange. L\'année suivante, la comédienne reprend son rôle de Marie dans Nous finirons ensemble, suite tant attendue des Petits mouchoirs. '),
(26, 'Marisol Ramirez', 'img/acteurs/marisol_ramirez.jpg', 'Connais pô...'),
(27, 'Linda Cardellini', 'img/acteurs/linda_cardellini.jpg', 'Issue d’une fratrie de quatre enfants, Linda Cardellini s’initie au théâtre et au chant dès l’âge de 10 ans. Diplômée en 1993, elle part s’installer à Los Angeles pour lancer sa carrière d’actrice. Après des débuts timides, la jeune femme apparaît dans la comédie déjantée Good Burger ou dans Notre belle famille, avant de figurer aux côtés de Poppy Montgomery dans Un cadavre sur le campus. Elle y rencontre son futur partenaire de jeu de Freaks and Geeks, Jason Segel. Dans cette série, qui a révélé James Franco en 1999, elle incarne l’adolescente Lindsay Weir, ex-première de la classe en pleine crise d’identité.\r\n\r\nEn 2001, Linda Cardellini fait face à la sulfureuse Reese Witherspoon, alors grimée en avocate écervelée dans La revanche d’une blonde. L’année d’après, elle enfile le costume d’un des personnages de la bande de Scooby-Doo, la brillante Véra Dinkley. Elle retrouve, en 2003, Sarah Michelle Gellar et Freddie Prince Jr. pour tourner la suite de l’adaptation cinématographique du dessin animé : Scooby-Doo 2, les monstres se déchaînent. La même année, cette experte en arts martiaux décroche le rôle qui la révèle au grand public, dans la dixième saison de la série culte Urgences. Sous les traits de Samantha Taggart, une mère célibataire, elle est l’une des infirmières de l’hôpital de Chicago jusqu’à la fin du show en 2008.\r\n\r\nEntre temps, Linda Cardellini joue la petite amie de Heath Ledger devant les caméras d’Ang Lee pour Le secret de Brokeback Mountain en 2005. Elle rejoint ensuite Paul Walker dans l’inquiétant The Lazarus Project, puis, en 2013, Zooey Deschanel, dont elle est la sœur à l’écran dans New Girl. Au même moment, cette californienne devient l’une des figures récurrentes de la sixième saison de Mad Men : Sylvia Rosen, une femme mariée entretenant une relation extra-conjugale avec Don Draper. Enfin, Netflix lui offre sa place, en 2015, dans le dramatique Bloodline, où, dans la peau de Meg, elle est l’une des membres de la famille Rayburn, bouleversée par l’arrivée de l’ainé du clan après des années d’absence. ');

-- --------------------------------------------------------

--
-- Structure de la table `etre`
--

CREATE TABLE `etre` (
  `Id_Role` int(11) NOT NULL,
  `Id_Membre` int(11) NOT NULL
) ENGINE=InnoDB DEFAULT CHARSET=latin1;

-- --------------------------------------------------------

--
-- Structure de la table `film`
--

CREATE TABLE `film` (
  `Id_Film` int(11) NOT NULL,
  `Titre_Film` varchar(255) NOT NULL,
  `Duree` varchar(255) NOT NULL,
  `Image_Film` varchar(255) NOT NULL,
  `Video_Film` varchar(255) NOT NULL,
  `Synopsis` text NOT NULL
) ENGINE=InnoDB DEFAULT CHARSET=latin1;

--
-- Contenu de la table `film`
--

INSERT INTO `film` (`Id_Film`, `Titre_Film`, `Duree`, `Image_Film`, `Video_Film`, `Synopsis`) VALUES
(1, 'After-Chapitre 1', '1h25min', 'img/1.jpg', '<iframe width=\"560\" height=\"315\" src=\"https://www.youtube.com/embed/lb9HUR5k2gU\" frameborder=\"0\" allow=\"accelerometer; autoplay; encrypted-media; gyroscope; picture-in-picture\" allowfullscreen></iframe>', 'Depuis son plus jeune âge, Tessa était promise à un avenir tout tracé : une vie rangée, une brillante carrière, un mariage tranquille avec son fiancé de toujours. Jusqu’à sa rencontre avec Hardin à son arrivée à l’université. Grossier, provocateur, cruel, c’est le garçon le plus détestable qu’elle ait jamais croisé. Et pourtant, ce bad boy tatoué pourrait bien lui faire perdre tout contrôle… '),
(2, 'Greenbook', '2h05min', 'img/2.jpg', '<iframe width=\"560\" height=\"315\" src=\"https://www.youtube.com/embed/GhdFHzVNDlQ\" frameborder=\"0\" allow=\"accelerometer; autoplay; encrypted-media; gyroscope; picture-in-picture\" allowfullscreen></iframe>', 'En 1962, alors que règne la ségrégation, Tony Lip, un videur italo-américain du Bronx, est engagé pour conduire et protéger le Dr Don Shirley, un pianiste noir de renommée mondiale, lors d\'une tournée de concerts. Durant leur périple de Manhattan jusqu\'au Sud profond, ils doivent se confronter aux humiliations, perceptions et persécutions, tout en devant trouver des établissements accueillant les personnes de couleurs.'),
(3, 'Le Chant du loup', '1h55min', 'img/3.jpg', '<iframe width=\"560\" height=\"315\" src=\"https://www.youtube.com/embed/0-LTTNiGgUA\" frameborder=\"0\" allow=\"accelerometer; autoplay; encrypted-media; gyroscope; picture-in-picture\" allowfullscreen></iframe>', 'Un jeune homme a le don rare de reconnaître chaque son qu’il entend. A bord d’un sous-marin nucléaire français, tout repose sur lui, l’Oreille d’Or.\r\nRéputé infaillible, il commet pourtant une erreur qui met l’équipage en danger de mort. Il veut retrouver la confiance de ses camarades mais sa quête les entraîne dans une situation encore plus dramatique.\r\nDans le monde de la dissuasion nucléaire et de la désinformation, ils se retrouvent tous pris au piège d’un engrenage incontrôlable. '),
(4, 'Avengers: Infinity War', '2h40min', 'img/4.jpg', '<iframe width=\"560\" height=\"315\" src=\"https://www.youtube.com/embed/eIWs2IUr3Vs\" frameborder=\"0\" allow=\"accelerometer; autoplay; encrypted-media; gyroscope; picture-in-picture\" allowfullscreen></iframe>', 'Les Avengers et leurs alliés devront être prêts à tout sacrifier pour neutraliser le redoutable Thanos avant que son attaque éclair ne conduise à la destruction complète de l’univers. '),
(5, 'Dragons 3', '1h40min', 'img/5.jpg', '<iframe width=\"560\" height=\"315\" src=\"https://www.youtube.com/embed/tEUFQ8mdzcg\" frameborder=\"0\" allow=\"accelerometer; autoplay; encrypted-media; gyroscope; picture-in-picture\" allowfullscreen></iframe>', 'Harold est maintenant le chef de Berk au côté d’Astrid et Krokmou, en tant que dragon, est devenu le leader de son espèce. Ils réalisent enfin leurs rêves de vivre en paix entre vikings et dragons. Mais lorsque l’apparition soudaine d’une Furie Eclair coïncide avec la plus grande menace que le village n’ait jamais connue, Harold et Krokmou sont forcés de quitter leur village pour un voyage dans un monde caché dont ils n’auraient jamais soupçonnés l’existence. Alors que leurs véritables destins se révèlent, dragons et vikings vont se battre ensemble jusqu’au bout du monde pour protéger tout ce qu’ils chérissent. '),
(6, 'A Star Is Born', '2h14min', 'img/6.jpg', '<iframe width=\"560\" height=\"315\" src=\"https://www.youtube.com/embed/jsg9NxCBzFs\" frameborder=\"0\" allow=\"accelerometer; autoplay; encrypted-media; gyroscope; picture-in-picture\" allowfullscreen></iframe>', 'Star de country un peu oubliée, Jackson Maine découvre Ally, une jeune chanteuse très prometteuse. Tandis qu\'ils tombent follement amoureux l\'un de l\'autre, Jack propulse Ally sur le devant de la scène et fait d\'elle une artiste adulée par le public. Bientôt éclipsé par le succès de la jeune femme, il vit de plus en plus de mal son propre déclin… '),
(7, 'Astérix : Le Secret de la potion magique', '1h45min', 'img/7.jpg', '<iframe width=\"560\" height=\"315\" src=\"https://www.youtube.com/embed/gXbR3zonMRk\" frameborder=\"0\" allow=\"accelerometer; autoplay; encrypted-media; gyroscope; picture-in-picture\" allowfullscreen></iframe>', 'À la suite d’une chute lors de la cueillette du gui, le druide Panoramix décide qu’il est temps d’assurer l’avenir du village. Accompagné d’Astérix et Obélix, il entreprend de parcourir le monde gaulois à la recherche d’un jeune druide talentueux à qui transmettre le Secret de la Potion Magique… '),
(8, 'Nous finirons ensemble', '2h15min', 'img/8.jpg', '<iframe width=\"560\" height=\"315\" src=\"https://www.youtube.com/embed/RjfF0V5blEE\" frameborder=\"0\" allow=\"accelerometer; autoplay; encrypted-media; gyroscope; picture-in-picture\" allowfullscreen></iframe>', 'Préoccupé, Max est parti dans sa maison au bord de la mer pour se ressourcer. Sa bande de potes, qu’il n’a pas vue depuis plus de 3 ans débarque par surprise pour lui fêter son anniversaire ! La surprise est entière mais l’accueil l’est beaucoup moins... \r\nMax s’enfonce alors dans une comédie du bonheur qui sonne faux, et qui mettra le groupe dans des situations pour le moins inattendues.\r\nLes enfants ont grandi,  d’autres sont nés, les parents n’ont plus les mêmes priorités...  Les séparations, les accidents de la vie... Quand tous décident de ne plus mettre de petits mouchoirs sur les gros bobards, que reste-t-il de l’amitié ? '),
(9, 'La Malédiction de la dame blanche', '1h33min', 'img/9.jpg', '<iframe width=\"560\" height=\"315\" src=\"https://www.youtube.com/embed/L7IQ_P9qtUk\" frameborder=\"0\" allow=\"accelerometer; autoplay; encrypted-media; gyroscope; picture-in-picture\" allowfullscreen></iframe>', 'La Dame Blanche. Spectre terrifiant, pris en étau entre le paradis et l\'enfer, piégé par un terrible destin dont elle est elle-même l\'artisan. La seule évocation de son nom sème la terreur dans le monde depuis des siècles. Quand elle était en vie, elle a noyé ses enfants dans un accès de folle jalousie, puis, dévastée par le chagrin, elle s\'est jetée dans le fleuve déchaîné.\r\nDésormais, ses larmes sont devenues éternelles. Elles sont même mortelles et tous ceux qui entendent ses appels sinistres la nuit sont maudits. Tapie dans l\'ombre, la Dame Blanche s\'attaque aux enfants, cherchant désespérément à remplacer les siens. Au fil des siècles, elle est devenue de plus en plus prédatrice… et ses méthodes de plus en plus terrifiantes.\r\nLos Angeles, années 1970. La Dame Blanche hante la nuit… et les enfants.\r\nIgnorant les avertissements d\'une mère soupçonnée de violence sur mineurs, une assistante sociale et ses enfants sont projetés dans un monde surnaturel des plus effrayants. Pour espérer survivre à la fureur mortelle de la Dame Blanche, leur seul recours est un prêtre désabusé et ses pratiques mystiques destinées à repousser les forces du mal… à la frontière où la peur et la foi se rencontrent…\r\nMéfiez-vous de ses pleurs glaçants… Elle est prête à tout pour vous entraîner vers les ténèbres. Car sa douleur ne connaît pas de répit – son âme tourmentée n\'a pas droit au repos. Et il n\'existe aucun moyen d\'échapper à la malédiction de la Dame Blanche. '),
(10, 'Dumbo', '1h52min', 'img/10.jpg', '<iframe width=\"560\" height=\"315\" src=\"https://www.youtube.com/embed/-mPAnHDCm9Q\" frameborder=\"0\" allow=\"accelerometer; autoplay; encrypted-media; gyroscope; picture-in-picture\" allowfullscreen></iframe>', 'Les enfants de Holt Farrier, ex-artiste de cirque chargé de s’occuper d’un éléphanteau dont les oreilles démesurées sont la risée du public, découvrent que ce dernier sait voler...');

-- --------------------------------------------------------

--
-- Structure de la table `genre`
--

CREATE TABLE `genre` (
  `Id_Genre` int(11) NOT NULL,
  `Type_Genre` varchar(255) NOT NULL
) ENGINE=InnoDB DEFAULT CHARSET=latin1;

--
-- Contenu de la table `genre`
--

INSERT INTO `genre` (`Id_Genre`, `Type_Genre`) VALUES
(1, 'Fantastique'),
(2, 'Aventure'),
(3, 'Drame'),
(4, 'Guerre'),
(5, 'Comedie'),
(6, 'Triller'),
(7, 'Science-Fiction'),
(8, 'Action'),
(9, 'Animation'),
(10, 'Amour'),
(11, 'Horreur');

-- --------------------------------------------------------

--
-- Structure de la table `jouer`
--

CREATE TABLE `jouer` (
  `Id_Acteur` int(11) NOT NULL,
  `Id_Film` int(11) NOT NULL
) ENGINE=InnoDB DEFAULT CHARSET=latin1;

--
-- Contenu de la table `jouer`
--

INSERT INTO `jouer` (`Id_Acteur`, `Id_Film`) VALUES
(5, 1),
(6, 1),
(7, 2),
(8, 2),
(9, 3),
(10, 3),
(11, 4),
(12, 4),
(13, 4),
(14, 4),
(15, 5),
(16, 5),
(17, 5),
(18, 6),
(19, 6),
(20, 7),
(21, 7),
(22, 7),
(23, 7),
(24, 8),
(25, 8),
(26, 9),
(27, 9),
(1, 10),
(2, 10),
(3, 10),
(4, 10);

-- --------------------------------------------------------

--
-- Structure de la table `membre`
--

CREATE TABLE `membre` (
  `Id_Membre` int(11) NOT NULL,
  `Login_Membre` varchar(255) NOT NULL,
  `Password_Membre` varchar(255) NOT NULL,
  `Email_Membre` varchar(255) NOT NULL
) ENGINE=InnoDB DEFAULT CHARSET=latin1;

-- --------------------------------------------------------

--
-- Structure de la table `modifier`
--

CREATE TABLE `modifier` (
  `Id_Membre` int(11) NOT NULL,
  `Id_Realisateur` int(11) NOT NULL,
  `Id_Acteur` int(11) NOT NULL,
  `Id_Film` int(11) NOT NULL,
  `Id_Genre` int(11) NOT NULL
) ENGINE=InnoDB DEFAULT CHARSET=latin1;

-- --------------------------------------------------------

--
-- Structure de la table `realisateur`
--

CREATE TABLE `realisateur` (
  `Id_Realisateur` int(11) NOT NULL,
  `Nom_Realisateur` varchar(255) NOT NULL,
  `Image_Realisateur` varchar(255) NOT NULL,
  `Bio_Realisateur` text NOT NULL
) ENGINE=InnoDB DEFAULT CHARSET=latin1;

--
-- Contenu de la table `realisateur`
--

INSERT INTO `realisateur` (`Id_Realisateur`, `Nom_Realisateur`, `Image_Realisateur`, `Bio_Realisateur`) VALUES
(1, 'Tim Burton', 'img/realisateurs/tim_burton.jpg', 'Tim Burton est un réalisateur, scénariste et producteur de cinéma américain, né le 25 août 1958 à Burbank (Californie).\r\n\r\nAdepte du fantastique et influencé par Edgar Allan Poe, il est largement reconnu comme étant bon conteur et graphiste. Il est révélé au grand public en signant la mise en scène de Beetlejuice (1988), Batman (1989), Edward aux mains d’argent (1990) et Batman : Le Défi (1992).\r\n\r\nPar la suite, il entame un cycle plus expérimental, en signant le biopic Ed Wood (1994), la satire Mars Attacks! (1996) puis le remake La Planète des singes (2001), un échec critique1.\r\n\r\nIl opère cependant un retour au sommet avec le succès Big Fish (2003). Par la suite, il collabore avec les studios Disney, pour qui il réalise, Alice au pays des merveilles (2010) (sa plus grande réussite commerciale et un des succès commerciaux majeurs de l\'histoire du cinéma) et Dumbo (2019).\r\n\r\nParallèlement, il réalise plusieurs adaptations dans un style plus gothique : la comédie musicale Sweeney Todd : Le Diabolique Barbier de Fleet Street (2007) puis les contes Dark Shadows (2012) et Miss Peregrine et les Enfants particuliers (2016).\r\n\r\nSes acteurs fétiches sont Johnny Depp, qu\'il dirige à huit reprises et Helena Bonham Carter, son ex-compagne et mère de ses deux enfants2. Depuis 2012, eva Green semble avoir remplacé cette dernière.\r\n\r\nTim Burton produit et rédige également le scénario de L\'Étrange Noël de monsieur Jack, réalisé par Henry Selick, puis finance et coréalise Les Noces funèbres et enfin coécrit, produit et met en scène Frankenweenie, trois films d’animation utilisant la technique de l\'animation en volume et des marionnettes qui évoluent dans des décors réels.\r\n\r\nSon cinéma se caractérise par un défilé de monstres et de créatures et un mélange d\'humour noir, d\'ironie et de macabre. Restant fidèle à son style, le cinéaste explore plusieurs genres qu\'il enchevêtre par moments : film d\'épouvante, drame intimiste, conte, mélodrame, biographie filmée, film de science-fiction, comédie, film d\'époque, comédie musicale ou encore film d\'action. Ses histoires mettent en scène des personnages marginaux ou des êtres hors-normes, face à la médiocrité du monde. On y décèle une grande influence du cinéma fantastique, du cinéma expressionniste allemand ainsi que des films de la Hammer Productions, à la fois pastichés et célébrés.\r\n\r\nTim Burton fait partie des cinéastes qui parviennent à concilier succès critique et commercial. Il a été décoré de l\'insigne de chevalier et d\'officier de l\'ordre national des Arts et des Lettres par Frédéric Mitterrand en mars 2010 et fut le président du jury du 63e Festival de Cannes. Le MoMA de New York et la Cinémathèque française à Paris ont consacré une grande exposition à son œuvre plastique et cinématographique, respectivement en 2009 et 20123,4. Tim Burton a également été le sujet de plusieurs biographies illustrées, notamment Tim Burton d\'Antoine de Baecque (2006) et Burton par Burton de Mark Salisbury (2000). '),
(2, 'Jenny Gage', 'img/realisateurs/jenny_gage.jpg', 'Pas connue, même sur Wikipédia...'),
(3, 'Peter Farrelly', 'img/realisateurs/peter_farrelly.jpg', ' Diplomé de Providence College et de l\'université de Columbia, Peter Farrelly commence sa carrière en 1990 comme scénariste pour la série télé Seinfeld. Quatre ans plus tard, il se lance dans le cinéma en co-réalisant Dumb and Dumber avec son frère Bobby, comédie à la bêtise revendiquée où \"brillent\" Jim Carrey et Jeff Daniels. Peter Farrelly ne cesse par la suite de travailler en étroite collaboration avec son frère. Le duo, à la fois réalisateur, scénariste et producteur de ses films, rencontre vite le succès en imposant sa marque de fabrique : un humour potache, volontiers provocateur et vulgaire, qui puise partiellement sa force dans les faiblesses de chacun.\r\n\r\nAprès Kingpin, une comédie sur le bowling, les frères Farrelly réalisent Mary a tout prix, qui leur apporte la consécration internationale et leur donne le statut de maîtres d\'une comédie US mordante et sans tabous. En 2000, ils signent le délirant Fous d\'Irene, qui leur donne l\'occasion de retrouver Jim Carrey. Un an plus tard, ils s\'essaient au film d\'animation déjanté avec Osmosis Jones, puis adoptent un ton plus doux-amer avec Shallow hal, film qui aborde le thème des personnes obèses et montre une facette plus sensible de leur talent.\r\n\r\nEn 2003, Peter et Bobby Farrelly s\'intéressent au destin de deux frères siamois dans Deux en un, comédie emmenée par Matt Damon et Greg Kinnear. Si le duo s\'éloigne de son univers avec habituel avec Terrain d\'entente, une comédie romantique sur fond de base-ball portée par Drew Barrymore, il ne tarde pas à retrouver son mordant avec le très cru Les Femmes de ses rêves, qui leur permet de retrouver Ben Stiller neuf ans après Mary a tout prix.\r\n\r\nAprès avoir fait tourné des stars du rire comme Jim Carrey ou Ben Stiller, c\'est au tour d\'Owen Wilson de tenir en 2011 le premier rôle de leur comédie Bon à Tirer, aux côtés de Jason Sudeikis. Ils y racontent les aventures de deux maris à qui leurs femmes, lassées de leur manque d\'attention, donnent carte blanche durant une semaine. Ils participent ensuite à l\'ensemble de courts comiques Movie 43 avant de se lancer dans un projet qui leur tient à coeur : un film centré sur le trio comique Les Trois Corniauds. \r\n\r\n20 après le premier film, les frères Farelly retrouvent Jim Carrey et Jeff Daniels en 2014 pour Dumb & Dumber De. Les deux comédiens repartent pour de nouvelles aventures complètement déjantées, à la recherche de la fille d’Harry.\r\n'),
(4, 'Antonin Braudy', 'img/realisateurs/antonin_braudy.jpg', 'Après des classes préparatoires scientifiques au lycée Louis-le-Grand, Antonin Baudry intègre en 1994 l\'École polytechnique2, reçu 326e au concours d\'entrée (option M\')3, et en sort ingénieur des Ponts et Chaussées 4. Il se classe ensuite 2e au concours d\'entrée littéraire5 de l\'École normale supérieure (B/L 1998)6 et obtient un DEA en études cinématographiques7.\r\n\r\nIl devient le 22 avril 2004 conseiller de Dominique de Villepin au ministère de l\'Intérieur chargé de la stratégie et de la prospective8, puis conseiller sur les questions d\'économie internationale le 21 juin 2005 à Matignon9.\r\n\r\nEntre 2010 et 2014, il est conseiller culturel de l\'ambassade de France aux États-Unis10 après avoir occupé le poste de conseiller de coopération et d\'action culturelle à l\'Ambassade de France en Espagne.\r\n\r\nSous le pseudonyme d\'Abel Lanzac, il met à profit son expérience de diplomate pour écrire le scénario de la bande dessinée Quai d\'Orsay (2010-2011), en collaboration avec Christophe Blain, qui en réalise également l\'illustration. Lorsque le second volume obtient le prix du meilleur album du festival d\'Angoulême 201311, il rend publique son identité12.\r\n\r\nLe 28 janvier 2015, il est nommé en Conseil des ministres ambassadeur pour la culture française et président exécutif de l\'Institut français, succédant à Xavier Darcos13. Il démissionne de ce poste à peine quelques mois après sa nomination (printemps 2015) « pour poursuivre des projets personnels »14.\r\n\r\nIl est nommé président d\'un jury du 43e festival international de la bande dessinée, qui se tient du 28 au 31 janvier 2016 à Angoulême.\r\n\r\nEn 2018, il réalise son premier film, Le Chant du loup, qui sort en salles en France le 20 février 2019. '),
(5, 'Anthony Russo', 'img/realisateurs/anthony_russo.jpg', 'Frère de Joe Russo et fils d\'un homme politique libéral, Anthony Russo grandit dans un quartier ouvrier italien de Cleveland, dans l\'Ohio. Avant de suivre une formation aux métiers du cinéma, il écrit, réalise et produit, en collaboration avec son frère, une comédie intitulée Pieces. Le film est présenté en 1997 au Slamdance Film Festival de Park City, dans l\'Utah, et à l\'American Film Institute Festival à Los Angeles.\r\n\r\n\r\nSteven Soderbergh découvre le talent des frères Russo à Slamdance et leur propose de produire, via sa société Section Eight, leur film suivant : Bienvenue à Collinwood (2001). Cette comédie, interprétée par William H. Macy, Sam Rockwell et George Clooney, met en scène l\'organisation d\'un cambriolage censé être juteux et facile. En 2006, les deux frères réalisent leur troisième long-métrage, une troisième comédie, Toi et moi... et Duprée, avec Owen Wilson, Matt Dillon et Michael Douglas au casting.\r\n\r\n\r\nParallèlement à cela et depuis 2003, ils continuent de réaliser et produire plusieurs épisodes de séries telles que Lucky, LAX, Arrested Development, Carpoolers, Community ou bien encore Happy Endings.\r\n\r\n\r\nHuit ans plus tard, la carrière des frères Russo prend un tournant sans précédent lorsqu\'ils se retrouvent aux commandes du blockbuster Captain America, le soldat de l\'hiver (2014). Le film est un succès colossal (714 millions de dollars de recettes mondiales alors que le premier volet avait fait 370 millions) et ils rempilent ainsi pour le troisième opus consacré aux aventures de Steve Rogers inaugurant la Phase III de l\'Univers cinématographique Marvel : Captain America: Civil War. Ensuite, Anthony et Joe Russo s\'attèleront à Avengers : Infinity War (Partie 1) et Partie 2 qui sortiront respectivement en 2018 et 2019. '),
(6, 'Joe Russo', 'img/realisateurs/joe_russo.jpg', '\r\n\r\nFrère d\'Anthony Russo et fils d\'un homme politique libéral, Joe Russo grandit dans un quartier ouvrier italien de Cleveland, dans l\'Ohio. Avant de suivre une formation aux métiers du cinéma, il écrit, réalise et produit, en collaboration avec son frère, Pieces, une comédie dont il est lui-même interprète. Le film est présenté en 1997 au Slamdance Film Festival de Park City, dans l\'Utah, et à l\'American Film Institute Festival à Los Angeles, où Joe obtient le Prix du meilleur acteur de l\'American Film Institute.\r\n\r\n\r\nSteven Soderbergh découvre le talent des frères Russo à Slamdance et leur propose de produire, via sa société Section Eight, leur film suivant : Bienvenue à Collinwood (2001). Cette comédie, interprétée par William H. Macy, Sam Rockwell et George Clooney, met en scène l\'organisation d\'un cambriolage censé être juteux et facile. En 2006, les deux frères réalisent leur troisième long-métrage, une troisième comédie, Toi et moi...et Duprée, avec Owen Wilson, Matt Dillon et Michael Douglas au casting.\r\n\r\n\r\nParallèlement à cela et depuis 2003, ils continuent de réaliser et produire plusieurs épisodes de séries telles que Lucky, LAX, Arrested Development, Carpoolers, Community ou bien encore Happy Endings. \r\n\r\n\r\nHuit ans plus tard, la carrière des frères Russo prend un tournant non négligeable lorsqu\'ils se retrouvent aux commandes de l\'attendu blockbuster Captain America, le soldat de l\'hiver. Le film est un succès colossal (714 millions de dollars de recettes mondiales alors que le premier volet avait fait 370 millions) et ils rempilent ainsi pour le troisième opus consacré aux aventures de Steve Rogers inaugurant la Phase III de l\'Univers cinématographique Marvel : Captain America: Civil War.\r\n\r\n\r\nEnsuite, Joe et Anthony Russo s\'attèleront à Avengers : Infinity War (Partie 1) et Partie 2 qui sortiront respectivement en 2018 et 2019.\r\n'),
(7, 'Dean DeBlois', 'img/realisateurs/dean_deblois.jpg', 'Né et élevé au Québec, DeBlois se découvre très tôt une passion pour l\'animation et passe sa jeunesse à raconter des histoires à travers ses créations graphiques. Après avoir abandonné l\'idée de se faire auteur de comic-book, il débute sa carrière comme assistant animateur à Hinton Animation Studios, société de production télévisuelle animée d\'Ottawa. Ce sont ses talents de metteur en scène et de dessinateur qui lui valent ce premier engagement, qu\'il obtient à peine une année après son entrée à la Sheridan University, dont il sort diplômé en 1990 ( il y passe trois ans). Il y travaille notamment sur la série Les Amis Ratons avant de rejoindre Don Bluth au sein des Sullivan Bluth Studios qu\'il dirige.\r\n\r\nCe changement de société l\'oblige à  s\'exiler en Irlande avec le dit réalisateur puisque ses studios sont installés à Dublin. C\'est pendant cette période qu\'il fera son véritable apprentissage professionnel, en assistant notamment Don Bluth en 1994 sur les layouts, les storyboards et le character design de Poucelina, ainsi que sur Le Lutin Magique. Quatre ans plus tard, il tente sa chance aux studios Disney qui l\'engagent comme scénariste et storyboarder. Il travaille de concert avec Chris Sanders lors de la préproduction de Mulan (1998) qu\'ils écrivent à quatre mains. Par la suite, il participe à l\'élaboration de l\'univers d\'Atlantide, l\'empire perdu (2001).\r\n\r\nC\'est en 2002 qu\'il passe à la réalisation avec Lilo & Stitch, aux côtés de son partenaire Chris Sanders avec qui il coécrit le long-métrage. Le film est depuis souvent considéré comme le dernier du second âge d\'or des studios à grandes oreilles, réalisé en animation traditionnelle. Alors que le film marque la consécration de DeBlois, celui-ci change d\'horizon et se lance par la suite dans l\'écriture, la production et la réalisation plusieurs films en live action chez Disney et Universal, encore à l\'état de projets aujourd\'hui. Seul film live du réalisateur sorti sur les écrans, Heima (2007) est un documentaire sur le groupe Sigur Ros à leur retour surprise en Islande. DeBlois travaillera cependant à l\'écriture des séries animées et d\'une suite de Lilo et Stitch, de 2003 à 2010.\r\n\r\nChris Sanders finit par le ramener à l\'animation lorsque Dreamworks leur propose en 2008 d\'écrire et de réaliser ensemble leur nouvelle grosse production, Dragons. Ils ont un an pour réadapter le roman de Cressida Cowell, des personnages à l\'intrigue elle-même. C\'est la première fois qu\'ils doivent faire face à une oeuvre de cette envergure, mais le film est un succès sans précédent pour le réalisateur : nominé aux Oscars, il remporte aussi nombre de prix dans divers festivals. C\'est également la plus grosse réussite des studios Dreamworks en dehors de la franchise Shrek. Le film sera par la suite dérivé sur tous les médias possibles, du jeu vidéo à la série animée.\r\n\r\nDragons connaît un tel engouement qu\'il est proposé à DeBlois d\'en réaliser un deuxième volet. Il accepte à condition que le tout devienne une trilogie. Il réalise entre-temps une vidéo live pour le leader de Sigur Ros, Jonsi, \"Go Quiet\", sorti en parallèle du nouvel album du chanteur, \"Go\". C\'est en 2014 que sort Dragons 2, que DeBlois produit, écrit et réalise cette fois-ci sans l\'aide de Chris Sanders. Le film est par ailleurs sélectionné au festival de Cannes de cette même année, hors-compétition. '),
(8, 'Bradley Cooper', 'img/realisateurs/bradley_cooper.jpg', 'Bradley Cooper est un acteur, réalisateur, producteur et chanteur américain, né le 5 janvier 1975 à Philadelphie. \r\n\r\nEn 2018 il passe à la réalisation avec A Star Is Born, drame dans lequel il joue aussi le rôle principal, aux côtés de la chanteuse Lady Gaga. Dans ce film musical, Bradley Cooper a appris à chanter et jouer de la guitare. Afin de mener à terme ce projet, il a dû refuser de revenir dans la mini-série Wet Hot American Summer: Ten Years Later, mise en ligne durant l\'été 2017. Il a donc été remplacé par Adam Scott 31. '),
(9, 'Alexandre Astier', 'img/realisateurs/alexandre_astier.jpg', 'La passion première d\'Alexandre Astier n\'est pas la comédie mais la musique.Très jeune, il entre au Conservatoire avant de poursuivre ses études à l\'American School of Modern Music à Paris. En parallèle, il suit ses premiers cours de théâtre et se met peu à peu à l\'écriture. Très vite, il monte deux pièces écrites par ses soins : en 1997, Poule Fiction, et en 2000, L\'étrange assistant du Docteur Lannion. C\'est grâce à sa prestation sur scène à Lyon dans Le jour du froment qu\'il se fait remarquer par les professionnels. Il se distingue notamment dans la pièce de Jacques Chambon, Nous crions grâce.\r\n\r\nAprès avoir composé des musiques pour des courts-métrages tels que Soyons sport et Un soupçon fondé sur quelque chose de gras, il se lance dans la réalisation de son propre court, Dies iræ, qui remporte le Prix du public 2003 du Festival Off-Courts. Celui-ci donnera naissance à la série Kaamelott qui l\'a fait connaître auprès du grand public. Il est à la fois réalisateur, scénariste et acteur de cette fiction qui met en scène la légende des chevaliers de la Table Ronde. Elle a remplacé avec succès Caméra Café sur l\'antenne de M6 à partir du mois de Janvier 2005. Tandis qu\'il s\'offre le rôle du Roi Arthur, il en profite pour faire jouer sa famille. Ainsi, son père Lionel Astier obtient le rôle de Léodagan, son frère Simon Astier celui d\'Yvain, Joëlle Sevilla, sa mère, celui de Sévi et Josée Drevon, sa belle-mère, celui d\'Ygerne. Il va même jusqu\'à composer les musiques de la série ! A partir de 2006, il décline l\'univers de Kaamelott dans une BD dont il a écrit le scénario.\r\n\r\nIl décroche son premier rôle au cinéma en 2006 dans le film Comme t\'y es belle !, aux cotés de Michèle Laroque, puis il enchaîne avec le blockbuster français Astérix aux Jeux Olympiques. En 2008, il endosse le rôle de Reiser, grand dessinateur et ami de Coluche, dans le film d\'Antoine de Caunes, Coluche, l\'histoire d\'un mec. L\'année suivante, il offre un registre inattendu avec son rôle d\'ex-mari confident de Sophie Marceau dans LOL - Laughing Out Loud. Il fera un petit retour à la télévision en 2010 le temps d\'un caméo dans la série de son frère Simon, Hero Corp avant d\'incarner en 2011 le méchant Clotindre dans Philibert, pastiche de films de cape et d\'épée face à Jérémie Renier. \r\n\r\nEn 2012, Alexandre Astier voit enfin l’accomplissement de son premier long-métrage au cinéma : David et Madame Hansen. Comme à son habitude, Alexandre est sur tous les fronts puisqu’il écrit, produit, réalise, monte et compose même les musiques de ce film. En 2012 aussi, il retrouve les planches avec sa pièce Que ma joie demeure !, et fait de nombreuses apparitions dans des émissions et mini-séries à succès comme Bref, Le Golden Show, ou encore Scènes de ménages en 2013.\r\n\r\nLa même année, il collabore au scénario de Pop Rédemption et y joue avec Julien Doré. Le 6 mars 2014 est mis en ligne un court-métrage de Lisa Azuelos intitulé 14 millions de cris dans lequel il joue aux côtés de Julie Gayet et qui dénonce le mariage forcé de plus de 14 millions de mineurs chaque année dans le monde. Le mois suivant sort dans les salles la quatrième collaboration d’Alexandre Astier et Lisa Azuelos dans la romance Une rencontre.\r\n\r\nA Noël 2014, le public français découvre Astérix - Le Domaine des Dieux, le neuvième film d’animation du célèbre petit gaulois. Alexandre Astier, à l’origine de ce projet, réunit une pléiade de stars dont des habitués de Kaamelott comme Lionel Astier et Joëlle Sevilla, mais aussi Elie Sémoun, Alain Chabat, Géraldine Nakache, ainsi que Florence Foresti et Roger Carel, la voix officielle d’Astérix depuis 1967. En 2014 toujours, l’hyperactif Astier tourne dans le premier long-métrage de Kheiron et débute la tournée dans l’hexagone, la Suisse et la Belgique de sa nouvelle pièce de théâtre l’Exoconférence. '),
(10, 'Louis Clichy', 'img/realisateurs/louis_clichy.jpg', 'Pote d\'Alexandre Astier.'),
(11, 'Guillaume Canet', 'img/realisateurs/louis_clichy.jpg', '\r\n\r\nPassionné d\'équitation, Guillaume Canet, né le 10 avril 1973 à Boulogne-Billancourt, voit une prometteuse carrière de jockey interrompue par un accident. Se tournant vers l\'art dramatique, il suit une formation au Cours Florent et se fait remarquer au théâtre dans la pièce La Ville dont le Prince est un enfant d\'Henry de Montherlant, qu\'il interprète aux côtés de Christophe Malavoy.\r\n\r\nAprès une première apparition au cinéma dans le court-métrage Le Fils unique, en 1995, Guillaume Canet se retrouve face à Jean Rochefort pour les besoins du thriller Barracuda (1997). Mais ce sont ses prestations dans En plein coeur (1998) de Pierre Jolivet et Je règle mon pas sur le pas de mon père (id.) de Rémi Waterhouse qui lui assurent une belle notoriété naissante. Il retrouvera ces cinéastes qui lui ont donné sa chance en 2002 avec le moyenâgeux Frère du guerrier et la comédie Mille millièmes, fantaisie immobilière.\r\n\r\nEn 2000, Guillaume Canet devient un acteur de tout premier plan, donnant la réplique à Leonardo DiCaprio sur La Plage, testant La Fidélité de Sophie Marceau, goûtant aux Morsures de l\'aube d\'Antoine de Caunes et composant le biographe autoproclamé de Vidocq. Après avoir réalisé quelques spots publicitaires et courts-métrages (Sans regrets, Je taim), il se met en scène en 2002 dans un premier long-métrage, Mon idole, fable amorale sur le milieu du show business. Après ce galop d\'essai réussi, Guillaume Canet aborde des genres différents : il flirte avec Marion Cotillard dans Jeux d\'enfants, rêve d\'aventures dans le déjanté Narco et combat dans les tranchées de l\'émouvant Joyeux Noël.\r\n\r\nAprès le drame L\'Enfer et la comédie Un ticket pour l\'espace, le comédien prête sa voix au film d\'animation Pixar, Cars. Puis il franchit un nouveau palier en 2006 en réalisant Ne le dis à personne, adaptation du roman d\'Harlan Coben où il dirige un casting de luxe réunissant François Cluzet, Kristin Scott Thomas ou encore Jean Rochefort. Le long-métrage remporte quatre César, dont celui du Meilleur acteur pour François Cluzet et du Meilleur réalisateur pour Canet, qui devient le cinéaste le plus jeune de l\'histoire des César à être récompensé dans cette catégorie.\r\n\r\nDésormais figure majeure du cinéma hexagonal, Guillaume Canet côtoie en 2007 Audrey Tautou dans la comédie romantique Ensemble, c\'est tout, adaptation littéraire du best-seller d\'Anna Gavalda. La même année, il est très antipathique dans Darling puis tient la vedette de La Clef, thriller de Guillaume Nicloux où il partage notamment l\'affiche avec Marie Gillain, Jean Rochefort et Vanessa Paradis.\r\n\r\nAprès avoir dirigé François Cluzet dans Ne le dis à personne, c\'est désormais de l\'autre côté de la caméra que les deux acteurs se retrouvent dans Les Liens du sang de Jacques Maillot. Ils y interprètent deux frères bien différents (l\'un est policier, l\'autre criminel) ayant des difficultés à tirer un trait sur leur passé. C\'est sur un ton plus léger que Guillaume Canet choisit de finir l\'année 2008 en prêtant sa voix au narrateur de La Famille Suricate.\r\n\r\n2009 plonge l\'acteur malgré lui dans le monde dangereux des services secrets. Il enfile le costume d\'un bagagiste qui va devoir s\'improviser agent secret dans Espion(s) de Nicolas Saada. Puis, en pleine guerre froide, Emir Kusturica l\'implique de nouveau devant la caméra de Christian Carion, cinq ans après Joyeux Noël. Après avoir partagé l\'affiche avec Marion Cotillard dans Le Dernier vol (2009), il la dirige sur son troisième long métrage Les Petits mouchoirs (2010), un film de \"potes\" très personnel pour lequel il retrouve aussi, entre autres, les acteurs François Cluzet et Gilles Lellouche. Dix ans après La Plage, l\'acteur tourne à nouveau de l’autre côté de l’Atlantique dans le drame amoureux Last Night, entouré d’un casting international : Keira Knightley, Eva Mendes et Sam Worthington.\r\n\r\nDe retour en France, il tourne dans le nouveau film d\'époque de Christophe Barratier, La Nouvelle guerre des boutons, avec Laetitia Casta et une panoplie d\'\"enfants guerriers\", avant de se retrouver sous la direction de Cédric Kahn pour le dramatique Une vie meilleure, aux côtés de Leïla Bekhti, avec qui il forme un jeune couple plein d\'illusions qui se voit brutalement malmené par de gros problèmes d\'endettement. La même année, il prête sa voix à la version française de Lightning McQueen pour Cars 2.\r\n\r\nGuillaume Canet scénarise et tourne ensuite dans Jappeloup de Christian Duguay, un biopic sur un cheval, champion de saut d’obstacle, et son jockey. Un an plus tard, il retourne aux États-Unis mais cette fois pour réaliser, produire et coscénariser avec James Gray son premier film américain, Blood Ties, un remake des Liens du sang, porté par Clive Owen et Billy Crudup. L\'expérience internationale se poursuit avec The Program de Stephen Frears, aux côtés de Ben Foster et Chris O\'Dowd et The Siege of Jadotville, avec Jamie Dornan et Mark Strong, qui ne connaît qu\'une sortie en VOD.\r\n\r\nL\'acteur n\'en oublie pas pour autant le cinéma hexagonal, au sein duquel il fait toujours preuve d\'éclectisme : inquiétant et glaçant dans La prochaine fois je viserai le coeur et L\'homme qu\'on aimait trop, poétique dans Le secret des banquises, historique dans Cézanne et moi avec Guillaume Gallienne... Il opère finalement un retour aux sources déjanté avec Rock\'n\'Roll, dans lequel il se met en scène avec Marion Cotillard dans une version inattendue et pleine d\'auto-dérision de leur couple.\r\n'),
(12, 'Michael Chaves', 'img/realisateurs/michael_chaves.jpg', 'ichael Chaves is an American film director, writer, visual effects artist, editor, and executive producer best known for his work on Chase Champion[1] and The Curse of La Llorona.\r\nHe started directed several short films including The Maiden, which won the Best Super Short Horror Film Award at Shriekfest 2016.[3] He also created the television series Chase Champion, and directed all of the episodes.[4][5][1] He is transitioning to feature-length filmmaking with horror films The Curse of La Llorona[2][6] and the upcoming The Conjuring 3,[7] both produced by James Wan, which are the sixth and eighth installments of the Conjuring Universe, respectively. He is also signed on to direct another horror film, The Reckoning, for Michael Bay, Bradley Fuller, and Andrew Form, under Platinum Dunes, with a script written by Patrick Melton and Marcus Dunstan.');

-- --------------------------------------------------------

--
-- Structure de la table `realiser`
--

CREATE TABLE `realiser` (
  `Id_Realisateur` int(11) NOT NULL,
  `Id_Film` int(11) NOT NULL
) ENGINE=InnoDB DEFAULT CHARSET=latin1;

--
-- Contenu de la table `realiser`
--

INSERT INTO `realiser` (`Id_Realisateur`, `Id_Film`) VALUES
(2, 1),
(3, 2),
(4, 3),
(5, 4),
(6, 4),
(7, 5),
(8, 6),
(9, 7),
(10, 7),
(11, 8),
(12, 9),
(1, 10);

-- --------------------------------------------------------

--
-- Structure de la table `role`
--

CREATE TABLE `role` (
  `Id_Role` int(11) NOT NULL,
  `Type_Role` varchar(255) NOT NULL
) ENGINE=InnoDB DEFAULT CHARSET=latin1;

-- --------------------------------------------------------

--
-- Structure de la table `soumettre`
--

CREATE TABLE `soumettre` (
  `Id_Film` int(11) NOT NULL,
  `Id_Genre` int(11) NOT NULL
) ENGINE=InnoDB DEFAULT CHARSET=latin1;

--
-- Contenu de la table `soumettre`
--

INSERT INTO `soumettre` (`Id_Film`, `Id_Genre`) VALUES
(4, 1),
(5, 1),
(10, 1),
(7, 2),
(10, 2),
(1, 3),
(2, 3),
(3, 3),
(6, 3),
(8, 3),
(3, 4),
(2, 5),
(7, 5),
(8, 5),
(1, 6),
(4, 7),
(5, 8),
(5, 9),
(7, 9),
(6, 10),
(9, 11);

--
-- Index pour les tables exportées
--

--
-- Index pour la table `acteur`
--
ALTER TABLE `acteur`
  ADD PRIMARY KEY (`Id_Acteur`);

--
-- Index pour la table `etre`
--
ALTER TABLE `etre`
  ADD PRIMARY KEY (`Id_Role`,`Id_Membre`),
  ADD KEY `etre_membre0_FK` (`Id_Membre`);

--
-- Index pour la table `film`
--
ALTER TABLE `film`
  ADD PRIMARY KEY (`Id_Film`);

--
-- Index pour la table `genre`
--
ALTER TABLE `genre`
  ADD PRIMARY KEY (`Id_Genre`);

--
-- Index pour la table `jouer`
--
ALTER TABLE `jouer`
  ADD PRIMARY KEY (`Id_Acteur`,`Id_Film`),
  ADD KEY `jouer_film0_FK` (`Id_Film`);

--
-- Index pour la table `membre`
--
ALTER TABLE `membre`
  ADD PRIMARY KEY (`Id_Membre`);

--
-- Index pour la table `modifier`
--
ALTER TABLE `modifier`
  ADD PRIMARY KEY (`Id_Membre`,`Id_Realisateur`,`Id_Acteur`,`Id_Film`,`Id_Genre`),
  ADD KEY `modifier_realisateur0_FK` (`Id_Realisateur`),
  ADD KEY `modifier_acteur1_FK` (`Id_Acteur`),
  ADD KEY `modifier_film2_FK` (`Id_Film`),
  ADD KEY `modifier_genre3_FK` (`Id_Genre`);

--
-- Index pour la table `realisateur`
--
ALTER TABLE `realisateur`
  ADD PRIMARY KEY (`Id_Realisateur`);

--
-- Index pour la table `realiser`
--
ALTER TABLE `realiser`
  ADD PRIMARY KEY (`Id_Realisateur`,`Id_Film`),
  ADD KEY `realiser_film0_FK` (`Id_Film`);

--
-- Index pour la table `role`
--
ALTER TABLE `role`
  ADD PRIMARY KEY (`Id_Role`);

--
-- Index pour la table `soumettre`
--
ALTER TABLE `soumettre`
  ADD PRIMARY KEY (`Id_Film`,`Id_Genre`),
  ADD KEY `soumettre_genre0_FK` (`Id_Genre`);

--
-- AUTO_INCREMENT pour les tables exportées
--

--
-- AUTO_INCREMENT pour la table `acteur`
--
ALTER TABLE `acteur`
  MODIFY `Id_Acteur` int(11) NOT NULL AUTO_INCREMENT, AUTO_INCREMENT=28;
--
-- AUTO_INCREMENT pour la table `film`
--
ALTER TABLE `film`
  MODIFY `Id_Film` int(11) NOT NULL AUTO_INCREMENT, AUTO_INCREMENT=11;
--
-- AUTO_INCREMENT pour la table `genre`
--
ALTER TABLE `genre`
  MODIFY `Id_Genre` int(11) NOT NULL AUTO_INCREMENT, AUTO_INCREMENT=12;
--
-- AUTO_INCREMENT pour la table `membre`
--
ALTER TABLE `membre`
  MODIFY `Id_Membre` int(11) NOT NULL AUTO_INCREMENT;
--
-- AUTO_INCREMENT pour la table `realisateur`
--
ALTER TABLE `realisateur`
  MODIFY `Id_Realisateur` int(11) NOT NULL AUTO_INCREMENT, AUTO_INCREMENT=13;
--
-- AUTO_INCREMENT pour la table `role`
--
ALTER TABLE `role`
  MODIFY `Id_Role` int(11) NOT NULL AUTO_INCREMENT;
--
-- Contraintes pour les tables exportées
--

--
-- Contraintes pour la table `etre`
--
ALTER TABLE `etre`
  ADD CONSTRAINT `etre_membre0_FK` FOREIGN KEY (`Id_Membre`) REFERENCES `membre` (`Id_Membre`),
  ADD CONSTRAINT `etre_role_FK` FOREIGN KEY (`Id_Role`) REFERENCES `role` (`Id_Role`);

--
-- Contraintes pour la table `jouer`
--
ALTER TABLE `jouer`
  ADD CONSTRAINT `jouer_acteur_FK` FOREIGN KEY (`Id_Acteur`) REFERENCES `acteur` (`Id_Acteur`),
  ADD CONSTRAINT `jouer_film0_FK` FOREIGN KEY (`Id_Film`) REFERENCES `film` (`Id_Film`);

--
-- Contraintes pour la table `modifier`
--
ALTER TABLE `modifier`
  ADD CONSTRAINT `modifier_acteur1_FK` FOREIGN KEY (`Id_Acteur`) REFERENCES `acteur` (`Id_Acteur`),
  ADD CONSTRAINT `modifier_film2_FK` FOREIGN KEY (`Id_Film`) REFERENCES `film` (`Id_Film`),
  ADD CONSTRAINT `modifier_genre3_FK` FOREIGN KEY (`Id_Genre`) REFERENCES `genre` (`Id_Genre`),
  ADD CONSTRAINT `modifier_membre_FK` FOREIGN KEY (`Id_Membre`) REFERENCES `membre` (`Id_Membre`),
  ADD CONSTRAINT `modifier_realisateur0_FK` FOREIGN KEY (`Id_Realisateur`) REFERENCES `realisateur` (`Id_Realisateur`);

--
-- Contraintes pour la table `realiser`
--
ALTER TABLE `realiser`
  ADD CONSTRAINT `realiser_film0_FK` FOREIGN KEY (`Id_Film`) REFERENCES `film` (`Id_Film`),
  ADD CONSTRAINT `realiser_realisateur_FK` FOREIGN KEY (`Id_Realisateur`) REFERENCES `realisateur` (`Id_Realisateur`);

--
-- Contraintes pour la table `soumettre`
--
ALTER TABLE `soumettre`
  ADD CONSTRAINT `soumettre_film_FK` FOREIGN KEY (`Id_Film`) REFERENCES `film` (`Id_Film`),
  ADD CONSTRAINT `soumettre_genre0_FK` FOREIGN KEY (`Id_Genre`) REFERENCES `genre` (`Id_Genre`);

/*!40101 SET CHARACTER_SET_CLIENT=@OLD_CHARACTER_SET_CLIENT */;
/*!40101 SET CHARACTER_SET_RESULTS=@OLD_CHARACTER_SET_RESULTS */;
/*!40101 SET COLLATION_CONNECTION=@OLD_COLLATION_CONNECTION */;
